,year,country origin,country destination,export_val
0,1995,Vietnam,BFA,67177.77
1,1995,Vietnam,CAF,514674.15
2,1995,Vietnam,CIV,58011.71
3,1995,Vietnam,CMR,97669.0
4,1995,Vietnam,COG,24018.39
5,1995,Vietnam,DZA,3045918.0
6,1995,Vietnam,EGY,2004172.01
7,1995,Vietnam,ETH,6721108.07
8,1995,Vietnam,GIN,501237.81
9,1995,Vietnam,MDG,58962.92
10,1995,Vietnam,MUS,1735714.92
11,1995,Vietnam,NER,59760.85
12,1995,Vietnam,SDN,1379844.58
13,1995,Vietnam,SYC,10551.0
14,1995,Vietnam,TCD,63364.31
15,1995,Vietnam,TGO,270465.31
16,1995,Vietnam,TUN,1369375.58
17,1995,Vietnam,TZA,148144.85
18,1995,Vietnam,UGA,1103468.68
19,1995,Vietnam,ZAF,1086686.0
20,1995,Vietnam,ZMB,498829.15
21,1995,Vietnam,ZWE,3461937.03
22,1995,Vietnam,BGD,356926.28
23,1995,Vietnam,CHN,58936545.91
24,1995,Vietnam,HKG,31827160.99
25,1995,Vietnam,IDN,25947698.89
26,1995,Vietnam,IND,33478005.23
27,1995,Vietnam,JOR,50046.5
28,1995,Vietnam,JPN,329282342.5
29,1995,Vietnam,KGZ,325299.0
30,1995,Vietnam,KOR,1436899.4
31,1995,Vietnam,MAC,41018.0
32,1995,Vietnam,MDV,81002.96
33,1995,Vietnam,MYS,438410.88
34,1995,Vietnam,SAU,37505702.62
35,1995,Vietnam,SGP,775952.31
36,1995,Vietnam,THA,2995924.5
37,1995,Vietnam,TUR,567111.05
38,1995,Vietnam,AND,59863.0
39,1995,Vietnam,BLX,2693997.82
40,1995,Vietnam,CHE,1039014.26
41,1995,Vietnam,CZE,732661.84
42,1995,Vietnam,DEU,38899053.18
43,1995,Vietnam,DNK,1280768.28
44,1995,Vietnam,ESP,3417359.24
45,1995,Vietnam,EST,266491.63
46,1995,Vietnam,FIN,94373.0
47,1995,Vietnam,FRA,20920630.19
48,1995,Vietnam,GBR,259318.06
49,1995,Vietnam,GRC,2003022.53
50,1995,Vietnam,HRV,205958.55
51,1995,Vietnam,HUN,320539.93
52,1995,Vietnam,IRL,4456019.39
53,1995,Vietnam,ISL,33545.0
54,1995,Vietnam,ITA,3697789.73
55,1995,Vietnam,LTU,46311.35
56,1995,Vietnam,LVA,1807154.58
57,1995,Vietnam,MDA,1488.0
58,1995,Vietnam,NLD,2874529.18
59,1995,Vietnam,NOR,7999.03
60,1995,Vietnam,POL,11586403.81
61,1995,Vietnam,PRT,79689.0
62,1995,Vietnam,ROU,139294.09
63,1995,Vietnam,SVK,705910.28
64,1995,Vietnam,SVN,134167.01
65,1995,Vietnam,SWE,847942.11
66,1995,Vietnam,CAN,377082.18
67,1995,Vietnam,CRI,2588843.9
68,1995,Vietnam,GRD,15859.6
69,1995,Vietnam,GRL,16753.61
70,1995,Vietnam,GTM,837038.14
71,1995,Vietnam,HND,8123835.9
72,1995,Vietnam,KNA,186851.89
73,1995,Vietnam,LCA,548558.8
74,1995,Vietnam,MEX,193657174.8
75,1995,Vietnam,NIC,184852.02
76,1995,Vietnam,TTO,583051.97
77,1995,Vietnam,AUS,360760.63
78,1995,Vietnam,NZL,10112.6
79,1995,Vietnam,BOL,292773.0
80,1995,Vietnam,BRA,4444460.25
81,1995,Vietnam,CHL,478202.83
82,1995,Vietnam,COL,4173808.59
83,1995,Vietnam,PER,519383.4
84,1995,Vietnam,SUR,1196006.77
85,1995,Vietnam,URY,51779.67
86,1995,Vietnam,VEN,32480.7
87,1996,Vietnam,BFA,141525.02
88,1996,Vietnam,CAF,295472.22
89,1996,Vietnam,CIV,57674.74
90,1996,Vietnam,CMR,1797.0
91,1996,Vietnam,DZA,2230352.0
92,1996,Vietnam,EGY,230149.25
93,1996,Vietnam,GAB,143787.68
94,1996,Vietnam,GHA,3637798.17
95,1996,Vietnam,GIN,382235.08
96,1996,Vietnam,GMB,34687.44
97,1996,Vietnam,MDG,382291.5
98,1996,Vietnam,MLI,212973.78
99,1996,Vietnam,MUS,2135456.44
100,1996,Vietnam,NER,25112.05
101,1996,Vietnam,NGA,2073982.63
102,1996,Vietnam,SDN,557246.68
103,1996,Vietnam,SEN,49023.62
104,1996,Vietnam,SYC,2611.0
105,1996,Vietnam,TGO,346755.88
106,1996,Vietnam,TUN,587915.94
107,1996,Vietnam,TZA,76247.21
108,1996,Vietnam,UGA,824660.95
109,1996,Vietnam,ZAF,1614320.0
110,1996,Vietnam,AZE,11699.0
111,1996,Vietnam,BGD,19507587.17
112,1996,Vietnam,CHN,61753457.85
113,1996,Vietnam,GEO,1205312.0
114,1996,Vietnam,HKG,46278571.76
115,1996,Vietnam,IDN,29993562.4
116,1996,Vietnam,IND,26675324.23
117,1996,Vietnam,JPN,281380797.4
118,1996,Vietnam,KGZ,184398.0
119,1996,Vietnam,MAC,12953.29
120,1996,Vietnam,MDV,77614.68
121,1996,Vietnam,MNG,101699.0
122,1996,Vietnam,MYS,412131.3
123,1996,Vietnam,SAU,38024293.23
124,1996,Vietnam,SGP,3799600.23
125,1996,Vietnam,THA,1135261.54
126,1996,Vietnam,ALB,80817.85
127,1996,Vietnam,AND,134099.45
128,1996,Vietnam,AUT,2652534.27
129,1996,Vietnam,BGR,2470874.33
130,1996,Vietnam,BLX,327924.72
131,1996,Vietnam,CHE,733842.45
132,1996,Vietnam,CZE,947088.3
133,1996,Vietnam,DEU,41751341.66
134,1996,Vietnam,DNK,743641.83
135,1996,Vietnam,ESP,19674681.3
136,1996,Vietnam,EST,155157.88
137,1996,Vietnam,FIN,24723.0
138,1996,Vietnam,FRA,29697024.52
139,1996,Vietnam,GBR,352135.0
140,1996,Vietnam,GRC,653671.19
141,1996,Vietnam,HRV,232241.85
142,1996,Vietnam,HUN,272695.57
143,1996,Vietnam,IRL,5049804.84
144,1996,Vietnam,ITA,1234172.12
145,1996,Vietnam,LTU,32069.11
146,1996,Vietnam,LVA,1665392.29
147,1996,Vietnam,MDA,51983.1
148,1996,Vietnam,MKD,15178.0
149,1996,Vietnam,NLD,3631325.56
150,1996,Vietnam,POL,8489860.54
151,1996,Vietnam,PRT,47030.25
152,1996,Vietnam,ROU,140247.9
153,1996,Vietnam,RUS,28604151.53
154,1996,Vietnam,SVK,799625.43
155,1996,Vietnam,SVN,2253200.09
156,1996,Vietnam,SWE,874435.98
157,1996,Vietnam,UKR,2923831.1
158,1996,Vietnam,YUG,56949.21
159,1996,Vietnam,CAN,3140.0
160,1996,Vietnam,CRI,2683112.28
161,1996,Vietnam,DMA,1973.83
162,1996,Vietnam,GRD,50173.19
163,1996,Vietnam,GRL,6591.0
164,1996,Vietnam,GTM,701900.8
165,1996,Vietnam,HND,7017765.64
166,1996,Vietnam,JAM,1466726.09
167,1996,Vietnam,KNA,237676.99
168,1996,Vietnam,LCA,369999.85
169,1996,Vietnam,MEX,116976842.4
170,1996,Vietnam,NIC,1930947.46
171,1996,Vietnam,SLV,2272173.11
172,1996,Vietnam,TTO,923969.57
173,1996,Vietnam,AUS,482490.72
174,1996,Vietnam,NZL,4084.98
175,1996,Vietnam,PYF,281807.65
176,1996,Vietnam,BOL,448635.66
177,1996,Vietnam,BRA,3135928.91
178,1996,Vietnam,CHL,479307.05
179,1996,Vietnam,COL,3440221.78
180,1996,Vietnam,ECU,23961796.66
181,1996,Vietnam,PER,1685989.98
182,1996,Vietnam,SUR,2750121.51
183,1996,Vietnam,URY,397684.36
184,1996,Vietnam,VEN,3457741.1
185,1997,Vietnam,BFA,218335.84
186,1997,Vietnam,CAF,167318.18
187,1997,Vietnam,CIV,119240.28
188,1997,Vietnam,CMR,184486.4
189,1997,Vietnam,DZA,2131450.0
190,1997,Vietnam,EGY,50271.31
191,1997,Vietnam,ETH,2826772.99
192,1997,Vietnam,GAB,409525.01
193,1997,Vietnam,GHA,6049019.84
194,1997,Vietnam,GIN,292672.76
195,1997,Vietnam,GMB,210458.07
196,1997,Vietnam,KEN,51494.0
197,1997,Vietnam,MDG,306020.83
198,1997,Vietnam,MLI,211223.97
199,1997,Vietnam,MUS,707128.85
200,1997,Vietnam,NER,33743.3
201,1997,Vietnam,NGA,488735.12
202,1997,Vietnam,SDN,733665.83
203,1997,Vietnam,SEN,109990.35
204,1997,Vietnam,TGO,270162.2
205,1997,Vietnam,TUN,1696625.18
206,1997,Vietnam,TZA,267330.2
207,1997,Vietnam,UGA,322290.4
208,1997,Vietnam,ZAF,2424829.0
209,1997,Vietnam,AZE,7159.0
210,1997,Vietnam,BGD,43717006.42
211,1997,Vietnam,BRN,299924.6
212,1997,Vietnam,CHN,108174875.4
213,1997,Vietnam,GEO,1160311.0
214,1997,Vietnam,HKG,173010976.4
215,1997,Vietnam,IDN,7141719.74
216,1997,Vietnam,IND,53204514.59
217,1997,Vietnam,IRN,1097288.62
218,1997,Vietnam,JPN,290201956.3
219,1997,Vietnam,KOR,331839.95
220,1997,Vietnam,LBN,82924479.03
221,1997,Vietnam,MAC,5178541.0
222,1997,Vietnam,MDV,310211.6
223,1997,Vietnam,MNG,14277.59
224,1997,Vietnam,MYS,270087.38
225,1997,Vietnam,SGP,2975449.65
226,1997,Vietnam,THA,9348539.39
227,1997,Vietnam,ALB,34624.0
228,1997,Vietnam,AND,55795.77
229,1997,Vietnam,AUT,1571092.13
230,1997,Vietnam,BGR,3377673.65
231,1997,Vietnam,BLX,762848.51
232,1997,Vietnam,CHE,653136.28
233,1997,Vietnam,CZE,1033552.24
234,1997,Vietnam,DEU,43354292.32
235,1997,Vietnam,DNK,900801.64
236,1997,Vietnam,ESP,10342328.85
237,1997,Vietnam,EST,31051.89
238,1997,Vietnam,FIN,65921.0
239,1997,Vietnam,FRA,25171894.39
240,1997,Vietnam,GBR,724235.88
241,1997,Vietnam,GRC,301059.13
242,1997,Vietnam,HRV,318876.67
243,1997,Vietnam,HUN,182791.95
244,1997,Vietnam,IRL,2766382.5
245,1997,Vietnam,ITA,1336677.83
246,1997,Vietnam,LTU,245372.72
247,1997,Vietnam,LVA,811670.13
248,1997,Vietnam,MKD,20187.0
249,1997,Vietnam,NLD,3569425.47
250,1997,Vietnam,NOR,155877.81
251,1997,Vietnam,POL,6391657.71
252,1997,Vietnam,PRT,10983.22
253,1997,Vietnam,ROU,128879.55
254,1997,Vietnam,RUS,16914836.17
255,1997,Vietnam,SVK,753118.39
256,1997,Vietnam,SVN,4358154.63
257,1997,Vietnam,SWE,66992.88
258,1997,Vietnam,UKR,2277407.09
259,1997,Vietnam,YUG,78000.0
260,1997,Vietnam,BHS,86815.18
261,1997,Vietnam,BRB,14005.61
262,1997,Vietnam,CAN,86511.43
263,1997,Vietnam,CRI,4112871.38
264,1997,Vietnam,GRD,46985.0
265,1997,Vietnam,GRL,2806.0
266,1997,Vietnam,GTM,1604364.5
267,1997,Vietnam,HND,6773628.1
268,1997,Vietnam,JAM,1860126.73
269,1997,Vietnam,KNA,41868.48
270,1997,Vietnam,LCA,354100.24
271,1997,Vietnam,MEX,240946420.5
272,1997,Vietnam,NIC,6161858.01
273,1997,Vietnam,TTO,1682899.23
274,1997,Vietnam,AUS,1315286.34
275,1997,Vietnam,NZL,1363.11
276,1997,Vietnam,PYF,80680.31
277,1997,Vietnam,BOL,658686.46
278,1997,Vietnam,BRA,33715868.28
279,1997,Vietnam,CHL,321907.93
280,1997,Vietnam,COL,3964397.86
281,1997,Vietnam,ECU,149970.94
282,1997,Vietnam,GUY,41545.47
283,1997,Vietnam,PER,1130928.59
284,1997,Vietnam,URY,705858.96
285,1997,Vietnam,VEN,44057.91
286,1998,Vietnam,BEN,2892637.48
287,1998,Vietnam,BFA,1498090.16
288,1998,Vietnam,CAF,46335.68
289,1998,Vietnam,CIV,216750.68
290,1998,Vietnam,CMR,162192.82
291,1998,Vietnam,CPV,26896.54
292,1998,Vietnam,DZA,3190483.0
293,1998,Vietnam,EGY,637530.0
294,1998,Vietnam,ETH,3299966.93
295,1998,Vietnam,GAB,207276.84
296,1998,Vietnam,GHA,3945873.72
297,1998,Vietnam,GMB,63624.08
298,1998,Vietnam,KEN,91202.03
299,1998,Vietnam,MDG,206030.27
300,1998,Vietnam,MLI,189880.95
301,1998,Vietnam,MUS,1198572.73
302,1998,Vietnam,NER,59927.19
303,1998,Vietnam,NGA,650856.64
304,1998,Vietnam,SDN,1033350.54
305,1998,Vietnam,SEN,147178.61
306,1998,Vietnam,TGO,1455159.52
307,1998,Vietnam,TUN,2070900.47
308,1998,Vietnam,TZA,192131.59
309,1998,Vietnam,UGA,218952.14
310,1998,Vietnam,ZAF,2040949.0
311,1998,Vietnam,ZMB,226382.82
312,1998,Vietnam,AZE,129125.14
313,1998,Vietnam,BGD,24240422.94
314,1998,Vietnam,BRN,2462066.94
315,1998,Vietnam,CHN,49851196.57
316,1998,Vietnam,GEO,356274.0
317,1998,Vietnam,HKG,41766532.28
318,1998,Vietnam,IDN,3794490.89
319,1998,Vietnam,IND,31646551.09
320,1998,Vietnam,IRN,157230.59
321,1998,Vietnam,JPN,211338449.4
322,1998,Vietnam,KOR,837864.84
323,1998,Vietnam,LBN,38609047.19
324,1998,Vietnam,MAC,6682409.52
325,1998,Vietnam,MDV,182324.4
326,1998,Vietnam,MNG,54915.22
327,1998,Vietnam,MYS,27685.15
328,1998,Vietnam,OMN,13555.0
329,1998,Vietnam,SAU,42724911.36
330,1998,Vietnam,SGP,1999585.75
331,1998,Vietnam,THA,1277146.71
332,1998,Vietnam,TUR,1712432.34
333,1998,Vietnam,ALB,87993.0
334,1998,Vietnam,AND,192884.22
335,1998,Vietnam,AUT,2807685.64
336,1998,Vietnam,BGR,2233624.75
337,1998,Vietnam,BLR,3070273.52
338,1998,Vietnam,BLX,2014848.68
339,1998,Vietnam,CHE,856188.57
340,1998,Vietnam,CZE,625188.71
341,1998,Vietnam,DEU,29623390.32
342,1998,Vietnam,DNK,1547625.28
343,1998,Vietnam,ESP,7339237.24
344,1998,Vietnam,EST,148577.4
345,1998,Vietnam,FIN,49633.96
346,1998,Vietnam,FRA,15874261.09
347,1998,Vietnam,GBR,1175696.76
348,1998,Vietnam,GRC,43359609.68
349,1998,Vietnam,HRV,324911.28
350,1998,Vietnam,HUN,553122.13
351,1998,Vietnam,IRL,11000526.24
352,1998,Vietnam,ITA,1411094.57
353,1998,Vietnam,LTU,230012.22
354,1998,Vietnam,LVA,16262.0
355,1998,Vietnam,MDA,120681.0
356,1998,Vietnam,MKD,23820.28
357,1998,Vietnam,NLD,4009683.52
358,1998,Vietnam,NOR,4884.0
359,1998,Vietnam,POL,10227912.81
360,1998,Vietnam,PRT,68877.1
361,1998,Vietnam,ROU,366593.17
362,1998,Vietnam,RUS,8275783.17
363,1998,Vietnam,SVK,816962.57
364,1998,Vietnam,SVN,4405859.01
365,1998,Vietnam,SWE,318987.88
366,1998,Vietnam,UKR,12437023.21
367,1998,Vietnam,YUG,73958.53
368,1998,Vietnam,BHS,35504.42
369,1998,Vietnam,BRB,54665.17
370,1998,Vietnam,CAN,343905.08
371,1998,Vietnam,CRI,5211472.31
372,1998,Vietnam,GRL,5932.18
373,1998,Vietnam,GTM,2260841.77
374,1998,Vietnam,HND,4391761.86
375,1998,Vietnam,JAM,1949925.13
376,1998,Vietnam,LCA,317221.75
377,1998,Vietnam,MEX,100420898.0
378,1998,Vietnam,SLV,4844854.65
379,1998,Vietnam,TTO,2458977.82
380,1998,Vietnam,AUS,4577761.75
381,1998,Vietnam,NZL,5308.93
382,1998,Vietnam,PNG,135136.36
383,1998,Vietnam,PYF,86522.99
384,1998,Vietnam,BOL,1377853.05
385,1998,Vietnam,BRA,45114593.74
386,1998,Vietnam,CHL,256157.68
387,1998,Vietnam,COL,3586311.07
388,1998,Vietnam,ECU,194185.27
389,1998,Vietnam,GUY,70334.81
390,1998,Vietnam,PER,2738516.23
391,1998,Vietnam,PRY,377471.7
392,1998,Vietnam,URY,2412669.32
393,1998,Vietnam,VEN,166872.29
394,1999,Vietnam,BEN,1985812.69
395,1999,Vietnam,BFA,384014.99
396,1999,Vietnam,CAF,1851.64
397,1999,Vietnam,CIV,355912.79
398,1999,Vietnam,CMR,2502.51
399,1999,Vietnam,CPV,65814.3
400,1999,Vietnam,DZA,5240085.0
401,1999,Vietnam,EGY,965768.71
402,1999,Vietnam,ETH,2443034.03
403,1999,Vietnam,GAB,110663.41
404,1999,Vietnam,GHA,5025691.23
405,1999,Vietnam,GMB,1249302.88
406,1999,Vietnam,KEN,364960.77
407,1999,Vietnam,MDG,190125.61
408,1999,Vietnam,MLI,230252.25
409,1999,Vietnam,MUS,1419988.63
410,1999,Vietnam,NER,28664.92
411,1999,Vietnam,NGA,330483.92
412,1999,Vietnam,SDN,1263857.54
413,1999,Vietnam,SEN,112622.49
414,1999,Vietnam,STP,395902.61
415,1999,Vietnam,TGO,276047.71
416,1999,Vietnam,TUN,1967913.03
417,1999,Vietnam,TZA,950920.02
418,1999,Vietnam,UGA,225559.52
419,1999,Vietnam,ZAF,3009721.0
420,1999,Vietnam,ARM,18210.0
421,1999,Vietnam,AZE,75865.65
422,1999,Vietnam,CHN,38343315.04
423,1999,Vietnam,GEO,20522.0
424,1999,Vietnam,HKG,45485755.29
425,1999,Vietnam,IDN,902981.45
426,1999,Vietnam,IND,15443095.31
427,1999,Vietnam,JOR,175881.0
428,1999,Vietnam,JPN,195611144.6
429,1999,Vietnam,KOR,14146148.88
430,1999,Vietnam,LBN,32348040.24
431,1999,Vietnam,LKA,2368.0
432,1999,Vietnam,MAC,27403128.48
433,1999,Vietnam,MDV,332439.91
434,1999,Vietnam,MNG,20351.38
435,1999,Vietnam,MYS,1683505.34
436,1999,Vietnam,OMN,24115.58
437,1999,Vietnam,SAU,52373771.73
438,1999,Vietnam,SGP,1271263.71
439,1999,Vietnam,THA,2716720.7
440,1999,Vietnam,TUR,5581273.38
441,1999,Vietnam,ALB,131453.73
442,1999,Vietnam,AND,118431.0
443,1999,Vietnam,AUT,2508683.29
444,1999,Vietnam,BGR,1916107.18
445,1999,Vietnam,BLR,2729603.49
446,1999,Vietnam,BLX,308796.65
447,1999,Vietnam,CHE,1185125.88
448,1999,Vietnam,CZE,457543.91
449,1999,Vietnam,DEU,24581114.82
450,1999,Vietnam,DNK,2682540.53
451,1999,Vietnam,ESP,9303676.31
452,1999,Vietnam,EST,254439.4
453,1999,Vietnam,FIN,31914.1
454,1999,Vietnam,FRA,10020822.15
455,1999,Vietnam,GBR,2067532.03
456,1999,Vietnam,GRC,1611037.44
457,1999,Vietnam,HRV,84600.12
458,1999,Vietnam,HUN,251597.47
459,1999,Vietnam,IRL,23594151.04
460,1999,Vietnam,ITA,2070383.84
461,1999,Vietnam,LTU,27986.0
462,1999,Vietnam,LVA,8773.0
463,1999,Vietnam,MDA,113935.2
464,1999,Vietnam,MKD,76207.3
465,1999,Vietnam,NLD,2908721.61
466,1999,Vietnam,POL,6396334.47
467,1999,Vietnam,PRT,295389.68
468,1999,Vietnam,ROU,461703.43
469,1999,Vietnam,RUS,7021722.88
470,1999,Vietnam,SVK,443360.99
471,1999,Vietnam,SVN,3151635.13
472,1999,Vietnam,SWE,216345.08
473,1999,Vietnam,UKR,6558921.73
474,1999,Vietnam,YUG,33000.0
475,1999,Vietnam,ATG,1496187.09
476,1999,Vietnam,BHS,13024.0
477,1999,Vietnam,BLZ,20039.74
478,1999,Vietnam,BRB,255286.29
479,1999,Vietnam,CAN,149676.0
480,1999,Vietnam,CRI,5099349.49
481,1999,Vietnam,CUB,8763099.95
482,1999,Vietnam,DMA,22584.04
483,1999,Vietnam,GRD,3279.36
484,1999,Vietnam,GTM,1059030.88
485,1999,Vietnam,HND,12529148.88
486,1999,Vietnam,JAM,2858257.54
487,1999,Vietnam,KNA,45719.66
488,1999,Vietnam,LCA,424829.01
489,1999,Vietnam,MEX,177562602.0
490,1999,Vietnam,NIC,2328082.3
491,1999,Vietnam,SLV,6318559.36
492,1999,Vietnam,TTO,1378061.94
493,1999,Vietnam,USA,29233.0
494,1999,Vietnam,AUS,3135415.74
495,1999,Vietnam,NCL,21275.59
496,1999,Vietnam,NZL,53515.48
497,1999,Vietnam,PYF,116900.71
498,1999,Vietnam,BOL,1176075.13
499,1999,Vietnam,BRA,45962032.82
500,1999,Vietnam,CHL,303761.68
501,1999,Vietnam,COL,3992161.06
502,1999,Vietnam,ECU,95172.13
503,1999,Vietnam,GUY,13523.09
504,1999,Vietnam,PER,495198.13
505,1999,Vietnam,PRY,696205.3
506,1999,Vietnam,URY,1176596.89
507,1999,Vietnam,VEN,5497182.49
508,2000,Vietnam,BEN,923912.58
509,2000,Vietnam,BFA,339732.75
510,2000,Vietnam,CAF,33662.13
511,2000,Vietnam,CIV,342503.71
512,2000,Vietnam,CMR,1447.32
513,2000,Vietnam,COM,169353.09
514,2000,Vietnam,CPV,80070.04
515,2000,Vietnam,DZA,3585114.0
516,2000,Vietnam,EGY,35325.64
517,2000,Vietnam,ETH,501999.02
518,2000,Vietnam,GAB,227856.91
519,2000,Vietnam,GHA,65180581.5
520,2000,Vietnam,GIN,616484.95
521,2000,Vietnam,GMB,371102.14
522,2000,Vietnam,KEN,1083817.55
523,2000,Vietnam,MDG,124726.47
524,2000,Vietnam,MLI,123146.91
525,2000,Vietnam,MOZ,80885.04
526,2000,Vietnam,MRT,34069.51
527,2000,Vietnam,MUS,587559.38
528,2000,Vietnam,MWI,51867.93
529,2000,Vietnam,NER,63333.54
530,2000,Vietnam,NGA,2847670.08
531,2000,Vietnam,SDN,1615124.51
532,2000,Vietnam,SEN,168163.2
533,2000,Vietnam,SYC,10416.47
534,2000,Vietnam,TGO,114559.29
535,2000,Vietnam,TUN,1847334.29
536,2000,Vietnam,TZA,80614.69
537,2000,Vietnam,UGA,4438.0
538,2000,Vietnam,ZAF,1308299.35
539,2000,Vietnam,ZMB,20011.34
540,2000,Vietnam,AZE,121619.69
541,2000,Vietnam,BGD,47254536.15
542,2000,Vietnam,BHR,91254.19
543,2000,Vietnam,CHN,26217920.81
544,2000,Vietnam,GEO,117130.0
545,2000,Vietnam,HKG,43790643.67
546,2000,Vietnam,IDN,1180423.16
547,2000,Vietnam,IND,20013906.44
548,2000,Vietnam,JOR,92405.11
549,2000,Vietnam,JPN,250177566.8
550,2000,Vietnam,KAZ,52103.25
551,2000,Vietnam,KGZ,26544.0
552,2000,Vietnam,KHM,3446241.33
553,2000,Vietnam,LBN,24687001.92
554,2000,Vietnam,LKA,49962.41
555,2000,Vietnam,MAC,5220460.0
556,2000,Vietnam,MYS,249418.48
557,2000,Vietnam,PHL,41925.0
558,2000,Vietnam,SAU,55918372.38
559,2000,Vietnam,SGP,1116882.34
560,2000,Vietnam,THA,18577118.5
561,2000,Vietnam,ALB,272794.42
562,2000,Vietnam,AND,151990.19
563,2000,Vietnam,AUT,1958351.52
564,2000,Vietnam,BGR,1741865.92
565,2000,Vietnam,BLR,4361640.5
566,2000,Vietnam,BLX,918639.07
567,2000,Vietnam,CHE,1546267.55
568,2000,Vietnam,CZE,158551.08
569,2000,Vietnam,DEU,24547192.63
570,2000,Vietnam,DNK,1062708.51
571,2000,Vietnam,ESP,63968709.3
572,2000,Vietnam,EST,9720466.2
573,2000,Vietnam,FIN,38821.0
574,2000,Vietnam,FRA,25616110.71
575,2000,Vietnam,GBR,1280770.47
576,2000,Vietnam,GRC,789173.12
577,2000,Vietnam,HRV,261280.03
578,2000,Vietnam,HUN,1685890.77
579,2000,Vietnam,IRL,1988291.13
580,2000,Vietnam,ITA,4550584.37
581,2000,Vietnam,LTU,644814.96
582,2000,Vietnam,LVA,1875.0
583,2000,Vietnam,MDA,21231.0
584,2000,Vietnam,MKD,154586.0
585,2000,Vietnam,NLD,8433049.89
586,2000,Vietnam,POL,5515773.9
587,2000,Vietnam,PRT,184642.27
588,2000,Vietnam,ROU,3522893.79
589,2000,Vietnam,RUS,7551073.04
590,2000,Vietnam,SVK,276363.15
591,2000,Vietnam,SVN,1020370.68
592,2000,Vietnam,SWE,2094237.89
593,2000,Vietnam,UKR,6138360.75
594,2000,Vietnam,YUG,42000.0
595,2000,Vietnam,ATG,1343569.81
596,2000,Vietnam,BRB,26516.75
597,2000,Vietnam,CAN,699913.3
598,2000,Vietnam,CRI,4190878.51
599,2000,Vietnam,CUB,9720045.38
600,2000,Vietnam,DMA,32495.56
601,2000,Vietnam,GRD,1651.0
602,2000,Vietnam,GTM,925645.79
603,2000,Vietnam,HND,2133440.48
604,2000,Vietnam,JAM,2208140.84
605,2000,Vietnam,KNA,201659.17
606,2000,Vietnam,LCA,470374.72
607,2000,Vietnam,MEX,148416214.2
608,2000,Vietnam,NIC,8534370.8
609,2000,Vietnam,TTO,3085604.06
610,2000,Vietnam,USA,129132.0
611,2000,Vietnam,VCT,18795.77
612,2000,Vietnam,AUS,2649738.15
613,2000,Vietnam,NCL,20579.0
614,2000,Vietnam,PNG,103476.78
615,2000,Vietnam,PYF,220959.76
616,2000,Vietnam,WLF,90362.36
617,2000,Vietnam,BOL,2274911.3
618,2000,Vietnam,BRA,116978964.9
619,2000,Vietnam,CHL,440191.15
620,2000,Vietnam,COL,3231282.36
621,2000,Vietnam,ECU,133125.06
622,2000,Vietnam,GUY,36997.03
623,2000,Vietnam,PER,5130138.25
624,2000,Vietnam,PRY,1350328.18
625,2000,Vietnam,SUR,934612.74
626,2000,Vietnam,URY,826252.94
627,2000,Vietnam,VEN,2528233.06
628,2001,Vietnam,BDI,5345.46
629,2001,Vietnam,BEN,1136490.89
630,2001,Vietnam,BFA,96471.87
631,2001,Vietnam,CAF,27858.67
632,2001,Vietnam,CIV,162021.3
633,2001,Vietnam,COM,427021.9
634,2001,Vietnam,CPV,189180.22
635,2001,Vietnam,DZA,5361887.0
636,2001,Vietnam,EGY,1213346.31
637,2001,Vietnam,ETH,843057.88
638,2001,Vietnam,GAB,57075.77
639,2001,Vietnam,GHA,61353.83
640,2001,Vietnam,GIN,95185.97
641,2001,Vietnam,GMB,224838.05
642,2001,Vietnam,KEN,3537588.77
643,2001,Vietnam,MDG,173462.0
644,2001,Vietnam,MLI,448408.9
645,2001,Vietnam,MOZ,197322.71
646,2001,Vietnam,MRT,42007.92
647,2001,Vietnam,MUS,746606.25
648,2001,Vietnam,MWI,98248.35
649,2001,Vietnam,NER,126972.44
650,2001,Vietnam,NGA,6726027.01
651,2001,Vietnam,SDN,1561069.72
652,2001,Vietnam,SEN,211790.9
653,2001,Vietnam,TGO,828523.0
654,2001,Vietnam,TUN,1270255.77
655,2001,Vietnam,TZA,475211.94
656,2001,Vietnam,UGA,19673.0
657,2001,Vietnam,ZAF,1225584.29
658,2001,Vietnam,ZMB,46527.89
659,2001,Vietnam,AZE,155382.07
660,2001,Vietnam,BGD,24114242.13
661,2001,Vietnam,BHR,1356395.16
662,2001,Vietnam,BRN,45632.0
663,2001,Vietnam,CHN,139663597.2
664,2001,Vietnam,GEO,109661.0
665,2001,Vietnam,HKG,35539477.62
666,2001,Vietnam,IDN,2039762.78
667,2001,Vietnam,IND,3643195.49
668,2001,Vietnam,JPN,220848351.4
669,2001,Vietnam,KGZ,19250.0
670,2001,Vietnam,KHM,2548921.62
671,2001,Vietnam,KWT,29984.09
672,2001,Vietnam,LBN,21131491.72
673,2001,Vietnam,MAC,638286.0
674,2001,Vietnam,MYS,972455.63
675,2001,Vietnam,SAU,16064397.07
676,2001,Vietnam,SGP,2932455.33
677,2001,Vietnam,THA,23406266.88
678,2001,Vietnam,TUR,5339562.79
679,2001,Vietnam,ALB,378187.23
680,2001,Vietnam,AND,83448.77
681,2001,Vietnam,AUT,1820800.09
682,2001,Vietnam,BGR,2607115.76
683,2001,Vietnam,BLR,271862.3
684,2001,Vietnam,BLX,2874676.67
685,2001,Vietnam,CHE,805019.81
686,2001,Vietnam,CZE,488449.08
687,2001,Vietnam,DEU,22980726.1
688,2001,Vietnam,DNK,3666396.15
689,2001,Vietnam,ESP,12254393.0
690,2001,Vietnam,EST,143367.22
691,2001,Vietnam,FIN,193838.19
692,2001,Vietnam,FRA,9388773.57
693,2001,Vietnam,GBR,2023654.22
694,2001,Vietnam,GRC,150155.05
695,2001,Vietnam,HRV,564993.05
696,2001,Vietnam,HUN,508046.64
697,2001,Vietnam,IRL,8868038.8
698,2001,Vietnam,ITA,2521431.57
699,2001,Vietnam,LTU,1249832.26
700,2001,Vietnam,MDA,51300.63
701,2001,Vietnam,MKD,8007.0
702,2001,Vietnam,NLD,10724403.32
703,2001,Vietnam,POL,8268743.31
704,2001,Vietnam,PRT,1340.0
705,2001,Vietnam,ROU,859601.49
706,2001,Vietnam,RUS,16499444.35
707,2001,Vietnam,SVK,282860.93
708,2001,Vietnam,SVN,2493257.37
709,2001,Vietnam,SWE,1432293.4
710,2001,Vietnam,UKR,10743271.85
711,2001,Vietnam,YUG,191861.16
712,2001,Vietnam,BHS,148646.27
713,2001,Vietnam,BLZ,85948.83
714,2001,Vietnam,BRB,1457.0
715,2001,Vietnam,CAN,84319.42
716,2001,Vietnam,CRI,2952988.27
717,2001,Vietnam,CUB,2475875.41
718,2001,Vietnam,DMA,34443.38
719,2001,Vietnam,GRD,16407.12
720,2001,Vietnam,GTM,11414571.47
721,2001,Vietnam,HND,2609501.19
722,2001,Vietnam,JAM,965125.97
723,2001,Vietnam,KNA,25347.47
724,2001,Vietnam,LCA,283332.27
725,2001,Vietnam,MEX,90196330.56
726,2001,Vietnam,NIC,11907424.09
727,2001,Vietnam,SLV,162082.43
728,2001,Vietnam,TTO,1584378.94
729,2001,Vietnam,USA,26662.0
730,2001,Vietnam,VCT,31070.82
731,2001,Vietnam,AUS,2187840.21
732,2001,Vietnam,NCL,16748.0
733,2001,Vietnam,PNG,227243.37
734,2001,Vietnam,PYF,86079.67
735,2001,Vietnam,WLF,59769.07
736,2001,Vietnam,BOL,1110811.68
737,2001,Vietnam,BRA,61463495.45
738,2001,Vietnam,CHL,25379567.75
739,2001,Vietnam,COL,5614510.01
740,2001,Vietnam,ECU,9662310.72
741,2001,Vietnam,GUY,18056.09
742,2001,Vietnam,PER,1074760.98
743,2001,Vietnam,PRY,4680992.46
744,2001,Vietnam,SUR,1330154.21
745,2001,Vietnam,URY,1345514.35
746,2001,Vietnam,VEN,32145.0
747,2002,Vietnam,BEN,682903.35
748,2002,Vietnam,BFA,67086.9
749,2002,Vietnam,CAF,10134.0
750,2002,Vietnam,CIV,35982.58
751,2002,Vietnam,CMR,8924.36
752,2002,Vietnam,COM,284929.54
753,2002,Vietnam,CPV,11803.0
754,2002,Vietnam,DZA,10568952.0
755,2002,Vietnam,EGY,569947.51
756,2002,Vietnam,ETH,2068853.95
757,2002,Vietnam,GHA,44120.6
758,2002,Vietnam,GIN,790745.46
759,2002,Vietnam,KEN,2545119.48
760,2002,Vietnam,MDG,31483.99
761,2002,Vietnam,MLI,443054.09
762,2002,Vietnam,MOZ,170648.63
763,2002,Vietnam,MRT,83950.37
764,2002,Vietnam,MUS,472582.44
765,2002,Vietnam,NER,57753.77
766,2002,Vietnam,NGA,10455344.38
767,2002,Vietnam,SDN,583340.61
768,2002,Vietnam,SEN,94079.83
769,2002,Vietnam,TGO,258639.78
770,2002,Vietnam,TUN,1007171.34
771,2002,Vietnam,TZA,312113.93
772,2002,Vietnam,UGA,190525.91
773,2002,Vietnam,ZAF,1265218.64
774,2002,Vietnam,ZMB,4660.0
775,2002,Vietnam,AZE,8393.12
776,2002,Vietnam,BGD,18695931.26
777,2002,Vietnam,BHR,324313.67
778,2002,Vietnam,BRN,97091.16
779,2002,Vietnam,CHN,253114043.1
780,2002,Vietnam,GEO,371422.0
781,2002,Vietnam,HKG,21410467.8
782,2002,Vietnam,IDN,2709565.1
783,2002,Vietnam,IND,4769995.93
784,2002,Vietnam,IRN,57823.0
785,2002,Vietnam,ISR,2882.56
786,2002,Vietnam,JOR,107884.0
787,2002,Vietnam,JPN,231549532.4
788,2002,Vietnam,KGZ,1528.0
789,2002,Vietnam,KHM,1997873.36
790,2002,Vietnam,LBN,7272063.69
791,2002,Vietnam,LKA,97902.75
792,2002,Vietnam,MAC,7347.0
793,2002,Vietnam,MYS,22543.16
794,2002,Vietnam,SAU,61333936.07
795,2002,Vietnam,SGP,763871.75
796,2002,Vietnam,THA,42180515.42
797,2002,Vietnam,TUR,2380890.73
798,2002,Vietnam,ALB,575260.83
799,2002,Vietnam,AND,208738.0
800,2002,Vietnam,AUT,1345732.99
801,2002,Vietnam,BGR,2597776.75
802,2002,Vietnam,BLR,100340.93
803,2002,Vietnam,BLX,1511269.95
804,2002,Vietnam,CHE,892690.52
805,2002,Vietnam,CZE,879292.52
806,2002,Vietnam,DEU,28772159.7
807,2002,Vietnam,DNK,2955105.24
808,2002,Vietnam,ESP,10172489.42
809,2002,Vietnam,EST,66528.35
810,2002,Vietnam,FIN,27830.35
811,2002,Vietnam,FRA,6175598.15
812,2002,Vietnam,GBR,1689294.39
813,2002,Vietnam,GRC,181508.51
814,2002,Vietnam,HRV,562140.85
815,2002,Vietnam,HUN,1130879.83
816,2002,Vietnam,IRL,2290464.42
817,2002,Vietnam,ITA,3227353.37
818,2002,Vietnam,LTU,403925.56
819,2002,Vietnam,LVA,3406.0
820,2002,Vietnam,MDA,51361.11
821,2002,Vietnam,MKD,15791.52
822,2002,Vietnam,NLD,6095702.01
823,2002,Vietnam,POL,7978953.06
824,2002,Vietnam,PRT,21803.0
825,2002,Vietnam,ROU,1591750.62
826,2002,Vietnam,RUS,10823414.19
827,2002,Vietnam,SVK,827783.42
828,2002,Vietnam,SVN,1694042.53
829,2002,Vietnam,SWE,28823.12
830,2002,Vietnam,UKR,5842120.46
831,2002,Vietnam,YUG,476545.36
832,2002,Vietnam,BHS,15261.04
833,2002,Vietnam,BLZ,147656.0
834,2002,Vietnam,CAN,27034.51
835,2002,Vietnam,CRI,2090049.2
836,2002,Vietnam,CUB,1764575.07
837,2002,Vietnam,DMA,29740.51
838,2002,Vietnam,DOM,46923354.01
839,2002,Vietnam,HND,2956306.22
840,2002,Vietnam,JAM,943888.98
841,2002,Vietnam,KNA,6380.67
842,2002,Vietnam,MEX,33588094.07
843,2002,Vietnam,NIC,7146462.78
844,2002,Vietnam,SLV,2031851.43
845,2002,Vietnam,TTO,2284688.41
846,2002,Vietnam,USA,14684.0
847,2002,Vietnam,VCT,16651.98
848,2002,Vietnam,AUS,1632811.91
849,2002,Vietnam,FJI,44522.18
850,2002,Vietnam,NCL,167419.0
851,2002,Vietnam,PNG,15886.48
852,2002,Vietnam,PYF,17886.0
853,2002,Vietnam,WLF,118788.6
854,2002,Vietnam,WSM,70650.15
855,2002,Vietnam,ARG,10078.84
856,2002,Vietnam,BOL,1485198.69
857,2002,Vietnam,BRA,70872322.36
858,2002,Vietnam,CHL,10637957.55
859,2002,Vietnam,COL,4556580.52
860,2002,Vietnam,ECU,188373.44
861,2002,Vietnam,GUY,22982.03
862,2002,Vietnam,PER,11804790.62
863,2002,Vietnam,PRY,2923084.97
864,2002,Vietnam,SUR,662217.95
865,2002,Vietnam,URY,215191.31
866,2002,Vietnam,VEN,930358.57
867,2003,Vietnam,BEN,524670.35
868,2003,Vietnam,BFA,20449.44
869,2003,Vietnam,CAF,1375.0
870,2003,Vietnam,CIV,15198.0
871,2003,Vietnam,CMR,150067.09
872,2003,Vietnam,COM,396703.0
873,2003,Vietnam,CPV,60304.44
874,2003,Vietnam,DZA,4149270.0
875,2003,Vietnam,EGY,14523228.15
876,2003,Vietnam,ERI,28669.23
877,2003,Vietnam,ETH,1452518.15
878,2003,Vietnam,GAB,100471.46
879,2003,Vietnam,GHA,4073367.89
880,2003,Vietnam,KEN,2062412.05
881,2003,Vietnam,MDG,91242.2
882,2003,Vietnam,MLI,227359.0
883,2003,Vietnam,MOZ,47305.0
884,2003,Vietnam,MRT,66210.16
885,2003,Vietnam,MUS,918364.76
886,2003,Vietnam,NER,208166.06
887,2003,Vietnam,NGA,17613332.19
888,2003,Vietnam,SDN,177693.93
889,2003,Vietnam,SEN,302582.44
890,2003,Vietnam,STP,3100.0
891,2003,Vietnam,SYC,7156.0
892,2003,Vietnam,TGO,1750483.62
893,2003,Vietnam,TUN,930641.21
894,2003,Vietnam,TZA,364361.32
895,2003,Vietnam,UGA,93133.32
896,2003,Vietnam,ZAF,536418.87
897,2003,Vietnam,ZMB,13694.0
898,2003,Vietnam,ARM,54196.76
899,2003,Vietnam,AZE,588750.72
900,2003,Vietnam,BGD,6632194.98
901,2003,Vietnam,BRN,5529.3
902,2003,Vietnam,CHN,373113955.1
903,2003,Vietnam,GEO,52010.0
904,2003,Vietnam,HKG,15992750.25
905,2003,Vietnam,IDN,394712.42
906,2003,Vietnam,IND,1003346.36
907,2003,Vietnam,JOR,524934.0
908,2003,Vietnam,JPN,171246309.7
909,2003,Vietnam,KGZ,32570.33
910,2003,Vietnam,KHM,2456793.34
911,2003,Vietnam,LBN,3750006.33
912,2003,Vietnam,LKA,62356.64
913,2003,Vietnam,MNG,50333.0
914,2003,Vietnam,MYS,33084.41
915,2003,Vietnam,NPL,1162500.79
916,2003,Vietnam,PAK,12468.91
917,2003,Vietnam,PHL,1358.0
918,2003,Vietnam,SAU,3600.0
919,2003,Vietnam,SGP,941781.49
920,2003,Vietnam,SYR,530670.7
921,2003,Vietnam,THA,49037954.31
922,2003,Vietnam,TUR,2419341.43
923,2003,Vietnam,ALB,322882.13
924,2003,Vietnam,AND,82357.0
925,2003,Vietnam,AUT,1453533.02
926,2003,Vietnam,BGR,2491235.21
927,2003,Vietnam,BIH,1020432.57
928,2003,Vietnam,BLR,76943.3
929,2003,Vietnam,BLX,1369019.0
930,2003,Vietnam,CHE,875065.66
931,2003,Vietnam,CZE,2731002.36
932,2003,Vietnam,DEU,21699164.58
933,2003,Vietnam,DNK,2170445.68
934,2003,Vietnam,ESP,8391461.1
935,2003,Vietnam,EST,219913.95
936,2003,Vietnam,FIN,390965.87
937,2003,Vietnam,FRA,7738581.67
938,2003,Vietnam,GBR,281625.78
939,2003,Vietnam,GRC,80464.0
940,2003,Vietnam,HRV,1027029.83
941,2003,Vietnam,HUN,1740958.64
942,2003,Vietnam,IRL,6332249.59
943,2003,Vietnam,ITA,3531560.06
944,2003,Vietnam,LTU,420696.22
945,2003,Vietnam,LVA,5727.0
946,2003,Vietnam,MDA,25278.3
947,2003,Vietnam,MKD,49994.0
948,2003,Vietnam,NLD,2139821.49
949,2003,Vietnam,POL,5738267.21
950,2003,Vietnam,PRT,16086.0
951,2003,Vietnam,ROU,2765259.14
952,2003,Vietnam,RUS,2906913.56
953,2003,Vietnam,SVK,1714475.35
954,2003,Vietnam,SVN,3600915.4
955,2003,Vietnam,SWE,365982.23
956,2003,Vietnam,UKR,5348743.0
957,2003,Vietnam,BLZ,75094.52
958,2003,Vietnam,BRB,43884.16
959,2003,Vietnam,CAN,39180.91
960,2003,Vietnam,CRI,1667381.02
961,2003,Vietnam,CUB,6151956.26
962,2003,Vietnam,DMA,17979.53
963,2003,Vietnam,DOM,14747317.31
964,2003,Vietnam,GRD,4765.0
965,2003,Vietnam,GRL,28369.0
966,2003,Vietnam,HND,5468134.15
967,2003,Vietnam,JAM,727877.11
968,2003,Vietnam,KNA,37420.94
969,2003,Vietnam,MEX,24118898.33
970,2003,Vietnam,NIC,4882052.28
971,2003,Vietnam,SLV,4599474.28
972,2003,Vietnam,TTO,2114994.83
973,2003,Vietnam,USA,62972.0
974,2003,Vietnam,VCT,26309.07
975,2003,Vietnam,AUS,6571165.1
976,2003,Vietnam,FJI,109575.28
977,2003,Vietnam,NCL,271828.99
978,2003,Vietnam,PNG,20417.6
979,2003,Vietnam,PYF,55056.91
980,2003,Vietnam,WLF,91968.32
981,2003,Vietnam,WSM,53194.11
982,2003,Vietnam,BOL,636988.15
983,2003,Vietnam,BRA,64850962.38
984,2003,Vietnam,CHL,3385427.51
985,2003,Vietnam,COL,18008492.1
986,2003,Vietnam,GUY,99904.0
987,2003,Vietnam,PER,1938755.57
988,2003,Vietnam,PRY,3596381.91
989,2003,Vietnam,SUR,1842954.97
990,2003,Vietnam,URY,223967.74
991,2004,Vietnam,BEN,444240.92
992,2004,Vietnam,BFA,925855.24
993,2004,Vietnam,CAF,139691.15
994,2004,Vietnam,CIV,277322.81
995,2004,Vietnam,CMR,102927.74
996,2004,Vietnam,COM,218003.11
997,2004,Vietnam,DZA,9839247.0
998,2004,Vietnam,EGY,18878129.2
999,2004,Vietnam,ETH,122363.79
1000,2004,Vietnam,GAB,556063.33
1001,2004,Vietnam,GIN,227003.12
1002,2004,Vietnam,GNB,71363.75
1003,2004,Vietnam,KEN,2767269.05
1004,2004,Vietnam,MDG,250216.61
1005,2004,Vietnam,MLI,199087.9
1006,2004,Vietnam,MOZ,40233.55
1007,2004,Vietnam,MRT,78186.0
1008,2004,Vietnam,MUS,1307264.63
1009,2004,Vietnam,MWI,238381.0
1010,2004,Vietnam,NER,39193.53
1011,2004,Vietnam,SDN,708512.45
1012,2004,Vietnam,SEN,278840.5
1013,2004,Vietnam,STP,15629.13
1014,2004,Vietnam,SYC,1072102.11
1015,2004,Vietnam,TGO,237518.27
1016,2004,Vietnam,TUN,977419.84
1017,2004,Vietnam,TZA,411677.59
1018,2004,Vietnam,UGA,240906.43
1019,2004,Vietnam,ZAF,939673.58
1020,2004,Vietnam,ZMB,64979.64
1021,2004,Vietnam,ZWE,564553.1
1022,2004,Vietnam,AZE,152060.47
1023,2004,Vietnam,BGD,8370726.09
1024,2004,Vietnam,BRN,115492.11
1025,2004,Vietnam,CHN,549498793.9
1026,2004,Vietnam,CYP,336421.79
1027,2004,Vietnam,GEO,42835.0
1028,2004,Vietnam,HKG,19924751.48
1029,2004,Vietnam,IDN,6336767.33
1030,2004,Vietnam,IND,1472765.1
1031,2004,Vietnam,ISR,1000.0
1032,2004,Vietnam,JOR,219166.0
1033,2004,Vietnam,JPN,161233484.8
1034,2004,Vietnam,KGZ,17686.62
1035,2004,Vietnam,KHM,1111041.0
1036,2004,Vietnam,LBN,7591929.14
1037,2004,Vietnam,LKA,48469.55
1038,2004,Vietnam,MAC,7660.0
1039,2004,Vietnam,MNG,12268.18
1040,2004,Vietnam,MYS,12139.97
1041,2004,Vietnam,OMN,6689.0
1042,2004,Vietnam,PAK,9381883.79
1043,2004,Vietnam,SGP,1497429.12
1044,2004,Vietnam,THA,89044391.62
1045,2004,Vietnam,TUR,4999956.07
1046,2004,Vietnam,YEM,8421639.84
1047,2004,Vietnam,ALB,697751.82
1048,2004,Vietnam,AND,165773.0
1049,2004,Vietnam,AUT,1294115.32
1050,2004,Vietnam,BGR,2947802.92
1051,2004,Vietnam,BIH,494933.12
1052,2004,Vietnam,BLR,1832643.22
1053,2004,Vietnam,BLX,4980777.03
1054,2004,Vietnam,CHE,1004254.17
1055,2004,Vietnam,CZE,10292695.45
1056,2004,Vietnam,DEU,21748074.78
1057,2004,Vietnam,DNK,2157736.56
1058,2004,Vietnam,ESP,6615438.59
1059,2004,Vietnam,EST,625285.6
1060,2004,Vietnam,FIN,5697.0
1061,2004,Vietnam,FRA,26840106.72
1062,2004,Vietnam,GBR,657531.86
1063,2004,Vietnam,GRC,2690869.79
1064,2004,Vietnam,HRV,625213.56
1065,2004,Vietnam,HUN,404000.0
1066,2004,Vietnam,IRL,8942402.77
1067,2004,Vietnam,ITA,3886972.99
1068,2004,Vietnam,LTU,80623.0
1069,2004,Vietnam,MDA,24813.09
1070,2004,Vietnam,MKD,272942.06
1071,2004,Vietnam,NLD,8035891.67
1072,2004,Vietnam,POL,6915368.13
1073,2004,Vietnam,PRT,82440.1
1074,2004,Vietnam,ROU,1394484.07
1075,2004,Vietnam,RUS,4690071.79
1076,2004,Vietnam,SVK,450132.1
1077,2004,Vietnam,SVN,7385601.5
1078,2004,Vietnam,SWE,214791.61
1079,2004,Vietnam,UKR,2114187.93
1080,2004,Vietnam,YUG,1706277.02
1081,2004,Vietnam,BRB,6835.0
1082,2004,Vietnam,CAN,10814.0
1083,2004,Vietnam,CRI,3166582.81
1084,2004,Vietnam,CUB,13024545.04
1085,2004,Vietnam,DMA,1757.66
1086,2004,Vietnam,DOM,15426781.35
1087,2004,Vietnam,GRD,110145.12
1088,2004,Vietnam,GTM,2449484.7
1089,2004,Vietnam,HND,2512595.43
1090,2004,Vietnam,JAM,401058.27
1091,2004,Vietnam,KNA,32354.03
1092,2004,Vietnam,MEX,45996460.18
1093,2004,Vietnam,NIC,8677527.16
1094,2004,Vietnam,SLV,4871167.91
1095,2004,Vietnam,TTO,1179276.55
1096,2004,Vietnam,USA,1500879.0
1097,2004,Vietnam,VCT,4561.0
1098,2004,Vietnam,AUS,6319449.6
1099,2004,Vietnam,FJI,226749.25
1100,2004,Vietnam,NCL,61501.0
1101,2004,Vietnam,PNG,22192.63
1102,2004,Vietnam,PYF,4168.0
1103,2004,Vietnam,WLF,301051.64
1104,2004,Vietnam,WSM,98065.92
1105,2004,Vietnam,ARG,24104.87
1106,2004,Vietnam,BOL,669570.0
1107,2004,Vietnam,BRA,69139594.33
1108,2004,Vietnam,CHL,584752.86
1109,2004,Vietnam,COL,12983309.27
1110,2004,Vietnam,PER,1710453.37
1111,2004,Vietnam,PRY,8220108.43
1112,2004,Vietnam,SUR,1461277.68
1113,2004,Vietnam,URY,461609.65
1114,2004,Vietnam,VEN,259947.0
1115,2005,Vietnam,BDI,26071.46
1116,2005,Vietnam,BEN,2727503.44
1117,2005,Vietnam,BFA,155266.39
1118,2005,Vietnam,CAF,43679.17
1119,2005,Vietnam,CIV,284648.61
1120,2005,Vietnam,CMR,18444.93
1121,2005,Vietnam,COM,180153.07
1122,2005,Vietnam,CPV,91694.0
1123,2005,Vietnam,DZA,6035042.0
1124,2005,Vietnam,EGY,9354960.96
1125,2005,Vietnam,ETH,5607452.0
1126,2005,Vietnam,GAB,1239804.03
1127,2005,Vietnam,GHA,871937.82
1128,2005,Vietnam,GIN,436431.35
1129,2005,Vietnam,GNB,56482.71
1130,2005,Vietnam,KEN,3872108.14
1131,2005,Vietnam,MDG,44142.71
1132,2005,Vietnam,MLI,1022059.85
1133,2005,Vietnam,MOZ,505219.57
1134,2005,Vietnam,MRT,75414.95
1135,2005,Vietnam,MUS,1514710.21
1136,2005,Vietnam,MWI,50265.39
1137,2005,Vietnam,NER,149302.0
1138,2005,Vietnam,RWA,188291.5
1139,2005,Vietnam,SDN,324316.83
1140,2005,Vietnam,SEN,277732.86
1141,2005,Vietnam,SYC,1283672.06
1142,2005,Vietnam,TGO,881933.59
1143,2005,Vietnam,TUN,1836347.44
1144,2005,Vietnam,TZA,55445.42
1145,2005,Vietnam,UGA,3531834.47
1146,2005,Vietnam,ZAF,10328556.0
1147,2005,Vietnam,ZMB,311963.07
1148,2005,Vietnam,ZWE,62261.03
1149,2005,Vietnam,ARE,998678.43
1150,2005,Vietnam,AZE,691514.36
1151,2005,Vietnam,BGD,5706482.62
1152,2005,Vietnam,CHN,453596051.6
1153,2005,Vietnam,CYP,1403991.16
1154,2005,Vietnam,GEO,93812.0
1155,2005,Vietnam,HKG,14375300.21
1156,2005,Vietnam,IDN,8102025.24
1157,2005,Vietnam,IND,8071326.81
1158,2005,Vietnam,IRN,516713.69
1159,2005,Vietnam,JOR,211670.0
1160,2005,Vietnam,JPN,128286955.2
1161,2005,Vietnam,KAZ,1613799.72
1162,2005,Vietnam,KGZ,973958.18
1163,2005,Vietnam,KHM,3276940.14
1164,2005,Vietnam,LBN,7528126.96
1165,2005,Vietnam,LKA,41021.0
1166,2005,Vietnam,MAC,106805.0
1167,2005,Vietnam,MNG,32773.71
1168,2005,Vietnam,MYS,134363.35
1169,2005,Vietnam,PAK,12063239.79
1170,2005,Vietnam,QAT,21155705.79
1171,2005,Vietnam,SAU,35421929.12
1172,2005,Vietnam,SGP,6441628.63
1173,2005,Vietnam,SYR,782304.9
1174,2005,Vietnam,THA,130178155.4
1175,2005,Vietnam,TLS,4071.0
1176,2005,Vietnam,TUR,2773190.98
1177,2005,Vietnam,YEM,2393902.38
1178,2005,Vietnam,ALB,358094.75
1179,2005,Vietnam,AUT,722096.16
1180,2005,Vietnam,BGR,4564067.52
1181,2005,Vietnam,BIH,804538.14
1182,2005,Vietnam,BLR,2067537.45
1183,2005,Vietnam,BLX,349783.36
1184,2005,Vietnam,CHE,1318701.34
1185,2005,Vietnam,CZE,4123707.9
1186,2005,Vietnam,DEU,27811902.63
1187,2005,Vietnam,DNK,1692727.37
1188,2005,Vietnam,ESP,13740842.04
1189,2005,Vietnam,EST,263091.3
1190,2005,Vietnam,FIN,156347.0
1191,2005,Vietnam,FRA,29832615.19
1192,2005,Vietnam,GBR,1797558.56
1193,2005,Vietnam,GRC,883103.12
1194,2005,Vietnam,HRV,462519.27
1195,2005,Vietnam,HUN,270000.0
1196,2005,Vietnam,IRL,9211811.07
1197,2005,Vietnam,ITA,683738.34
1198,2005,Vietnam,LTU,33283.84
1199,2005,Vietnam,MDA,34050.04
1200,2005,Vietnam,MKD,664131.04
1201,2005,Vietnam,NLD,3579322.19
1202,2005,Vietnam,POL,29448810.2
1203,2005,Vietnam,PRT,36223.0
1204,2005,Vietnam,ROU,2354233.45
1205,2005,Vietnam,RUS,6810603.72
1206,2005,Vietnam,SRB,1533131.58
1207,2005,Vietnam,SVK,355983.19
1208,2005,Vietnam,SVN,4051881.78
1209,2005,Vietnam,SWE,212713.0
1210,2005,Vietnam,UKR,2071364.67
1211,2005,Vietnam,ATG,1311463.26
1212,2005,Vietnam,BRB,1127107.52
1213,2005,Vietnam,CAN,20427.42
1214,2005,Vietnam,CRI,2205486.27
1215,2005,Vietnam,CUB,2912519.04
1216,2005,Vietnam,DMA,3939.0
1217,2005,Vietnam,DOM,55647836.39
1218,2005,Vietnam,GRD,65306.77
1219,2005,Vietnam,GTM,8319501.57
1220,2005,Vietnam,HND,6001420.51
1221,2005,Vietnam,JAM,1713583.36
1222,2005,Vietnam,KNA,23827.15
1223,2005,Vietnam,MEX,66982862.5
1224,2005,Vietnam,NIC,5670137.44
1225,2005,Vietnam,SLV,6382091.31
1226,2005,Vietnam,TTO,3365161.99
1227,2005,Vietnam,USA,3289.0
1228,2005,Vietnam,VCT,77670.63
1229,2005,Vietnam,AUS,9741221.81
1230,2005,Vietnam,FJI,140692.24
1231,2005,Vietnam,NCL,799499.69
1232,2005,Vietnam,PYF,100704.78
1233,2005,Vietnam,WLF,91260.47
1234,2005,Vietnam,WSM,55125.49
1235,2005,Vietnam,BOL,306855.47
1236,2005,Vietnam,BRA,69942990.69
1237,2005,Vietnam,CHL,185223.2
1238,2005,Vietnam,COL,2585593.78
1239,2005,Vietnam,ECU,85662.0
1240,2005,Vietnam,GUY,39881.23
1241,2005,Vietnam,PER,2317372.06
1242,2005,Vietnam,PRY,10334996.77
1243,2005,Vietnam,SUR,2834902.42
1244,2005,Vietnam,URY,315790.04
1245,2005,Vietnam,VEN,5534778.07
1246,2006,Vietnam,BDI,73678.48
1247,2006,Vietnam,BEN,274064.4
1248,2006,Vietnam,CIV,4596.0
1249,2006,Vietnam,COM,392405.46
1250,2006,Vietnam,CPV,50745.0
1251,2006,Vietnam,DZA,3242522.0
1252,2006,Vietnam,EGY,2126108.25
1253,2006,Vietnam,ETH,3866334.47
1254,2006,Vietnam,GAB,1741588.63
1255,2006,Vietnam,GHA,407612.0
1256,2006,Vietnam,GIN,69315.15
1257,2006,Vietnam,KEN,932998.26
1258,2006,Vietnam,MDG,147581.51
1259,2006,Vietnam,MLI,90144.04
1260,2006,Vietnam,MOZ,123628.88
1261,2006,Vietnam,MRT,121368.96
1262,2006,Vietnam,MUS,653661.18
1263,2006,Vietnam,MWI,1026857.3
1264,2006,Vietnam,NER,762580.98
1265,2006,Vietnam,NGA,62705293.69
1266,2006,Vietnam,RWA,660193.16
1267,2006,Vietnam,SDN,1598992.54
1268,2006,Vietnam,SEN,240083.06
1269,2006,Vietnam,SYC,1618936.5
1270,2006,Vietnam,TUN,4448119.61
1271,2006,Vietnam,TZA,9160.0
1272,2006,Vietnam,UGA,1573181.95
1273,2006,Vietnam,ZAF,1329255.0
1274,2006,Vietnam,ZMB,96360.36
1275,2006,Vietnam,ZWE,288573.92
1276,2006,Vietnam,AZE,145323.0
1277,2006,Vietnam,BGD,3349957.32
1278,2006,Vietnam,BHR,42432.26
1279,2006,Vietnam,BRN,71471.03
1280,2006,Vietnam,BTN,14780.0
1281,2006,Vietnam,CHN,400140046.2
1282,2006,Vietnam,CYP,96917.97
1283,2006,Vietnam,GEO,344853.0
1284,2006,Vietnam,HKG,9999455.16
1285,2006,Vietnam,IDN,538080.65
1286,2006,Vietnam,IND,471521874.8
1287,2006,Vietnam,JOR,261181.0
1288,2006,Vietnam,JPN,75216461.03
1289,2006,Vietnam,KAZ,1110141.91
1290,2006,Vietnam,KGZ,50126.37
1291,2006,Vietnam,KHM,4171444.7
1292,2006,Vietnam,LBN,5528157.61
1293,2006,Vietnam,LKA,445953.9
1294,2006,Vietnam,MNG,58756.72
1295,2006,Vietnam,MYS,422800.98
1296,2006,Vietnam,PAK,13283373.97
1297,2006,Vietnam,QAT,6683566.89
1298,2006,Vietnam,SAU,28690256.81
1299,2006,Vietnam,SGP,6180241.32
1300,2006,Vietnam,SYR,336086.16
1301,2006,Vietnam,THA,144342884.1
1302,2006,Vietnam,TUR,2710870.54
1303,2006,Vietnam,YEM,3750102.48
1304,2006,Vietnam,ALB,138588.19
1305,2006,Vietnam,AUT,1090083.55
1306,2006,Vietnam,BGR,3229551.73
1307,2006,Vietnam,BIH,540307.25
1308,2006,Vietnam,BLR,1895446.17
1309,2006,Vietnam,BLX,565393.41
1310,2006,Vietnam,CHE,794386.21
1311,2006,Vietnam,CZE,3374038.07
1312,2006,Vietnam,DEU,16887897.29
1313,2006,Vietnam,DNK,2780309.75
1314,2006,Vietnam,ESP,11403758.01
1315,2006,Vietnam,EST,378392.37
1316,2006,Vietnam,FIN,430664.99
1317,2006,Vietnam,FRA,7324873.34
1318,2006,Vietnam,GBR,1586295.66
1319,2006,Vietnam,GRC,79747725.93
1320,2006,Vietnam,HRV,819883.76
1321,2006,Vietnam,HUN,163000.0
1322,2006,Vietnam,IRL,336239.83
1323,2006,Vietnam,ITA,1496690.11
1324,2006,Vietnam,LTU,17308.3
1325,2006,Vietnam,MDA,40244.51
1326,2006,Vietnam,MKD,1281116.37
1327,2006,Vietnam,MNE,88741.0
1328,2006,Vietnam,NLD,32581126.92
1329,2006,Vietnam,POL,13361977.84
1330,2006,Vietnam,PRT,56286.0
1331,2006,Vietnam,ROU,1290128.16
1332,2006,Vietnam,RUS,19739891.94
1333,2006,Vietnam,SRB,1383521.37
1334,2006,Vietnam,SVK,1115070.06
1335,2006,Vietnam,SVN,3954178.23
1336,2006,Vietnam,SWE,1018995.75
1337,2006,Vietnam,UKR,1867136.53
1338,2006,Vietnam,ATG,266832.89
1339,2006,Vietnam,BLZ,18174.0
1340,2006,Vietnam,BRB,1479066.27
1341,2006,Vietnam,CAN,43075.53
1342,2006,Vietnam,CRI,2783199.94
1343,2006,Vietnam,CUB,2567237.46
1344,2006,Vietnam,DMA,9068.25
1345,2006,Vietnam,DOM,46645272.42
1346,2006,Vietnam,GRD,270710.5
1347,2006,Vietnam,GRL,5424.0
1348,2006,Vietnam,GTM,2263014.72
1349,2006,Vietnam,HND,5888417.37
1350,2006,Vietnam,JAM,2241814.95
1351,2006,Vietnam,KNA,44143.27
1352,2006,Vietnam,LCA,72754.22
1353,2006,Vietnam,MEX,51306977.74
1354,2006,Vietnam,MSR,21303.85
1355,2006,Vietnam,NIC,2336087.49
1356,2006,Vietnam,SLV,5413322.48
1357,2006,Vietnam,TTO,1747495.74
1358,2006,Vietnam,VCT,111885.26
1359,2006,Vietnam,AUS,11006197.08
1360,2006,Vietnam,FJI,18518.06
1361,2006,Vietnam,NCL,291117.28
1362,2006,Vietnam,PYF,52353.26
1363,2006,Vietnam,VUT,64217.23
1364,2006,Vietnam,WLF,275519.29
1365,2006,Vietnam,WSM,88429.71
1366,2006,Vietnam,BOL,329068.48
1367,2006,Vietnam,BRA,88670244.92
1368,2006,Vietnam,CHL,318488.08
1369,2006,Vietnam,COL,8356257.72
1370,2006,Vietnam,ECU,263945.45
1371,2006,Vietnam,PER,1274616.71
1372,2006,Vietnam,PRY,22210323.96
1373,2006,Vietnam,SUR,2863814.24
1374,2006,Vietnam,URY,418117.04
1375,2007,Vietnam,BDI,29575.35
1376,2007,Vietnam,BEN,5041918.94
1377,2007,Vietnam,BFA,6567818.34
1378,2007,Vietnam,CAF,27753.88
1379,2007,Vietnam,CIV,117403.74
1380,2007,Vietnam,CMR,22941.0
1381,2007,Vietnam,COG,14033.0
1382,2007,Vietnam,COM,160625.0
1383,2007,Vietnam,CPV,38236.0
1384,2007,Vietnam,DZA,19500454.0
1385,2007,Vietnam,EGY,284054.23
1386,2007,Vietnam,ETH,10118091.97
1387,2007,Vietnam,GAB,2945181.72
1388,2007,Vietnam,GHA,198766.88
1389,2007,Vietnam,GIN,276107.32
1390,2007,Vietnam,KEN,609561.79
1391,2007,Vietnam,MDG,450577.75
1392,2007,Vietnam,MLI,374180.8
1393,2007,Vietnam,MOZ,179023.25
1394,2007,Vietnam,MRT,248437.44
1395,2007,Vietnam,MUS,1992440.75
1396,2007,Vietnam,MWI,118326.68
1397,2007,Vietnam,NER,6175482.18
1398,2007,Vietnam,NGA,52511015.22
1399,2007,Vietnam,RWA,98242.08
1400,2007,Vietnam,SDN,17799.39
1401,2007,Vietnam,SEN,384920.45
1402,2007,Vietnam,SYC,3680901.85
1403,2007,Vietnam,TGO,11053.83
1404,2007,Vietnam,TUN,1021788.16
1405,2007,Vietnam,TZA,1342540.12
1406,2007,Vietnam,UGA,965245.9
1407,2007,Vietnam,ZAF,2994757.0
1408,2007,Vietnam,ZMB,113126.5
1409,2007,Vietnam,ZWE,256677.62
1410,2007,Vietnam,ARE,47033.21
1411,2007,Vietnam,ARM,48930.0
1412,2007,Vietnam,BGD,1283115.53
1413,2007,Vietnam,BTN,1155.0
1414,2007,Vietnam,CHN,521201927.9
1415,2007,Vietnam,CYP,151144.42
1416,2007,Vietnam,GEO,456269.0
1417,2007,Vietnam,HKG,17835615.72
1418,2007,Vietnam,IDN,2623803.21
1419,2007,Vietnam,IND,157320734.3
1420,2007,Vietnam,ISR,20000.0
1421,2007,Vietnam,KAZ,904771.56
1422,2007,Vietnam,KGZ,48531.14
1423,2007,Vietnam,KHM,185098.29
1424,2007,Vietnam,LBN,4516884.68
1425,2007,Vietnam,LKA,368081.41
1426,2007,Vietnam,MNG,116193.2
1427,2007,Vietnam,MYS,796280.59
1428,2007,Vietnam,PAK,18100472.48
1429,2007,Vietnam,PSE,6258950.73
1430,2007,Vietnam,QAT,5194057.56
1431,2007,Vietnam,SAU,30524208.58
1432,2007,Vietnam,SGP,904713.89
1433,2007,Vietnam,SYR,44946347.11
1434,2007,Vietnam,THA,33273124.36
1435,2007,Vietnam,TUR,1502181.31
1436,2007,Vietnam,YEM,1573280.24
1437,2007,Vietnam,ALB,191219.0
1438,2007,Vietnam,AUT,1766102.86
1439,2007,Vietnam,BGR,11121720.84
1440,2007,Vietnam,BIH,812562.53
1441,2007,Vietnam,BLR,2309934.64
1442,2007,Vietnam,BLX,1039893.39
1443,2007,Vietnam,CHE,428599.7
1444,2007,Vietnam,CZE,4759836.55
1445,2007,Vietnam,DEU,15069253.72
1446,2007,Vietnam,DNK,1344332.65
1447,2007,Vietnam,ESP,5366637.05
1448,2007,Vietnam,EST,629656.53
1449,2007,Vietnam,FIN,2125677.92
1450,2007,Vietnam,FRA,12406792.32
1451,2007,Vietnam,GBR,4605692.92
1452,2007,Vietnam,GRC,445836.68
1453,2007,Vietnam,HRV,386247.51
1454,2007,Vietnam,IRL,3243801.66
1455,2007,Vietnam,ITA,670144.32
1456,2007,Vietnam,LTU,101011.93
1457,2007,Vietnam,MDA,289495.55
1458,2007,Vietnam,MKD,1586454.64
1459,2007,Vietnam,MNE,470693.0
1460,2007,Vietnam,NLD,38639630.02
1461,2007,Vietnam,POL,13978581.51
1462,2007,Vietnam,PRT,215343.22
1463,2007,Vietnam,ROU,45155.63
1464,2007,Vietnam,RUS,33374379.93
1465,2007,Vietnam,SRB,1892246.03
1466,2007,Vietnam,SVK,1160331.24
1467,2007,Vietnam,SVN,7448834.28
1468,2007,Vietnam,SWE,19291.0
1469,2007,Vietnam,UKR,6020531.47
1470,2007,Vietnam,ATG,72865.87
1471,2007,Vietnam,BLZ,85393.0
1472,2007,Vietnam,BRB,594110.93
1473,2007,Vietnam,CAN,50541.67
1474,2007,Vietnam,CRI,1017308.57
1475,2007,Vietnam,DMA,2668.07
1476,2007,Vietnam,DOM,59163434.17
1477,2007,Vietnam,GRL,14372.0
1478,2007,Vietnam,GTM,111576.2
1479,2007,Vietnam,HND,4269311.28
1480,2007,Vietnam,JAM,3059414.69
1481,2007,Vietnam,KNA,132137.28
1482,2007,Vietnam,LCA,2221.0
1483,2007,Vietnam,MEX,36717514.66
1484,2007,Vietnam,MSR,27796.0
1485,2007,Vietnam,NIC,4911761.49
1486,2007,Vietnam,SLV,5634120.61
1487,2007,Vietnam,TTO,4229286.51
1488,2007,Vietnam,VCT,78461.31
1489,2007,Vietnam,AUS,6235238.29
1490,2007,Vietnam,COK,79818.0
1491,2007,Vietnam,FJI,271310.55
1492,2007,Vietnam,NCL,333868.67
1493,2007,Vietnam,PYF,87598.62
1494,2007,Vietnam,WSM,16308.0
1495,2007,Vietnam,BOL,560584.95
1496,2007,Vietnam,BRA,82750344.38
1497,2007,Vietnam,CHL,150719.71
1498,2007,Vietnam,COL,8296268.17
1499,2007,Vietnam,ECU,71236.48
1500,2007,Vietnam,GUY,31277.39
1501,2007,Vietnam,PER,1786487.81
1502,2007,Vietnam,PRY,21426339.27
1503,2007,Vietnam,SUR,4528893.8
1504,2007,Vietnam,URY,615072.91
1505,2007,Vietnam,VEN,211563768.5
1506,2008,Vietnam,BDI,65784.24
1507,2008,Vietnam,BEN,545734.62
1508,2008,Vietnam,BFA,2400152.42
1509,2008,Vietnam,CAF,109649.96
1510,2008,Vietnam,CIV,3478826.04
1511,2008,Vietnam,CMR,260854.89
1512,2008,Vietnam,COG,266156.33
1513,2008,Vietnam,COM,248219.5
1514,2008,Vietnam,CPV,28247.0
1515,2008,Vietnam,DZA,24745809.0
1516,2008,Vietnam,EGY,32676798.52
1517,2008,Vietnam,ETH,8199696.73
1518,2008,Vietnam,GAB,3555158.03
1519,2008,Vietnam,GHA,4553382.04
1520,2008,Vietnam,GIN,91342.6
1521,2008,Vietnam,KEN,653419.79
1522,2008,Vietnam,MDG,170693.39
1523,2008,Vietnam,MLI,395949.36
1524,2008,Vietnam,MOZ,2962231.96
1525,2008,Vietnam,MRT,289750.26
1526,2008,Vietnam,MUS,1566448.8
1527,2008,Vietnam,MWI,35780.0
1528,2008,Vietnam,NER,11802783.61
1529,2008,Vietnam,NGA,1594035.85
1530,2008,Vietnam,RWA,99070.6
1531,2008,Vietnam,SEN,611372.58
1532,2008,Vietnam,SYC,2848919.79
1533,2008,Vietnam,TGO,661323.22
1534,2008,Vietnam,TUN,6698027.14
1535,2008,Vietnam,TZA,239625.71
1536,2008,Vietnam,UGA,939715.89
1537,2008,Vietnam,ZAF,3383021.0
1538,2008,Vietnam,ZWE,43378.75
1539,2008,Vietnam,AFG,2971037.11
1540,2008,Vietnam,ARE,25369731.61
1541,2008,Vietnam,ARM,46222.0
1542,2008,Vietnam,AZE,14568.32
1543,2008,Vietnam,CHN,680214974.2
1544,2008,Vietnam,CYP,35895.0
1545,2008,Vietnam,GEO,1710621.0
1546,2008,Vietnam,HKG,24424722.14
1547,2008,Vietnam,IDN,7705533.98
1548,2008,Vietnam,IND,91171016.14
1549,2008,Vietnam,ISR,9000.0
1550,2008,Vietnam,KAZ,631495.88
1551,2008,Vietnam,KHM,764428.56
1552,2008,Vietnam,KWT,10162537.0
1553,2008,Vietnam,LBN,7513786.33
1554,2008,Vietnam,LKA,119241.0
1555,2008,Vietnam,MAC,7406.0
1556,2008,Vietnam,MYS,1527807.95
1557,2008,Vietnam,PAK,12367486.74
1558,2008,Vietnam,PSE,33268.0
1559,2008,Vietnam,QAT,68719932.68
1560,2008,Vietnam,SAU,19758176.41
1561,2008,Vietnam,SGP,267239.66
1562,2008,Vietnam,SYR,2507831.84
1563,2008,Vietnam,THA,26141317.54
1564,2008,Vietnam,TUR,48331068.94
1565,2008,Vietnam,YEM,1397140.78
1566,2008,Vietnam,ALB,1114025.39
1567,2008,Vietnam,AUT,348179.17
1568,2008,Vietnam,BGR,13699935.83
1569,2008,Vietnam,BIH,332624.14
1570,2008,Vietnam,BLR,3011361.11
1571,2008,Vietnam,BLX,5074301.92
1572,2008,Vietnam,CHE,197250.0
1573,2008,Vietnam,CZE,8035461.96
1574,2008,Vietnam,DEU,21474234.05
1575,2008,Vietnam,DNK,400723.61
1576,2008,Vietnam,ESP,5445197.07
1577,2008,Vietnam,EST,844344.54
1578,2008,Vietnam,FIN,976996.89
1579,2008,Vietnam,FRA,6197308.43
1580,2008,Vietnam,GBR,5644119.32
1581,2008,Vietnam,GRC,90882058.01
1582,2008,Vietnam,HRV,637398.27
1583,2008,Vietnam,HUN,33000.0
1584,2008,Vietnam,IRL,2271513.48
1585,2008,Vietnam,ITA,3464264.71
1586,2008,Vietnam,LTU,66147.24
1587,2008,Vietnam,MDA,850490.81
1588,2008,Vietnam,MKD,1893333.84
1589,2008,Vietnam,MNE,643786.92
1590,2008,Vietnam,NLD,18379018.74
1591,2008,Vietnam,POL,92858781.89
1592,2008,Vietnam,ROU,153402.74
1593,2008,Vietnam,RUS,13733347.77
1594,2008,Vietnam,SRB,12289368.88
1595,2008,Vietnam,SVK,7959650.09
1596,2008,Vietnam,SVN,5730334.48
1597,2008,Vietnam,SWE,19551.0
1598,2008,Vietnam,UKR,8214875.5
1599,2008,Vietnam,BLZ,12874.0
1600,2008,Vietnam,BRB,306069.31
1601,2008,Vietnam,CAN,52817.56
1602,2008,Vietnam,CRI,6704309.95
1603,2008,Vietnam,DOM,58152439.7
1604,2008,Vietnam,GTM,116500.0
1605,2008,Vietnam,JAM,2075214.44
1606,2008,Vietnam,KNA,184798.64
1607,2008,Vietnam,LCA,1636.0
1608,2008,Vietnam,MEX,19032569.31
1609,2008,Vietnam,NIC,5682117.44
1610,2008,Vietnam,SLV,2319289.28
1611,2008,Vietnam,TTO,8285045.25
1612,2008,Vietnam,VCT,5316.08
1613,2008,Vietnam,AUS,5590410.49
1614,2008,Vietnam,FJI,1395208.51
1615,2008,Vietnam,NCL,398846.55
1616,2008,Vietnam,PYF,22721.6
1617,2008,Vietnam,TON,26823.0
1618,2008,Vietnam,WSM,118304.35
1619,2008,Vietnam,BOL,957768.09
1620,2008,Vietnam,BRA,171031134.3
1621,2008,Vietnam,CHL,289059.36
1622,2008,Vietnam,COL,15369515.99
1623,2008,Vietnam,ECU,1374824.96
1624,2008,Vietnam,GUY,686538.66
1625,2008,Vietnam,PER,19250262.48
1626,2008,Vietnam,PRY,34275715.38
1627,2008,Vietnam,SUR,7615177.92
1628,2008,Vietnam,URY,1620367.03
1629,2008,Vietnam,VEN,204705338.0
1630,2009,Vietnam,BDI,150245.21
1631,2009,Vietnam,BEN,4310699.22
1632,2009,Vietnam,BFA,47321.06
1633,2009,Vietnam,CAF,25223.45
1634,2009,Vietnam,CIV,790123.27
1635,2009,Vietnam,CMR,11480.0
1636,2009,Vietnam,COG,231147.73
1637,2009,Vietnam,COM,242849.56
1638,2009,Vietnam,DZA,9896731.0
1639,2009,Vietnam,EGY,28006161.28
1640,2009,Vietnam,ETH,6539840.59
1641,2009,Vietnam,GAB,1434884.94
1642,2009,Vietnam,GHA,2154360.33
1643,2009,Vietnam,KEN,1204644.18
1644,2009,Vietnam,MDG,25173.4
1645,2009,Vietnam,MOZ,770775.52
1646,2009,Vietnam,MRT,599283.21
1647,2009,Vietnam,MUS,326780.43
1648,2009,Vietnam,MWI,107270.91
1649,2009,Vietnam,NER,16697799.42
1650,2009,Vietnam,RWA,601342.67
1651,2009,Vietnam,SDN,677739.82
1652,2009,Vietnam,SEN,1221325.93
1653,2009,Vietnam,STP,21947.78
1654,2009,Vietnam,TGO,174915.26
1655,2009,Vietnam,TUN,1264022.85
1656,2009,Vietnam,TZA,117661.32
1657,2009,Vietnam,UGA,859887.25
1658,2009,Vietnam,ZAF,1385754.17
1659,2009,Vietnam,ZMB,89485.25
1660,2009,Vietnam,ZWE,125840.58
1661,2009,Vietnam,ARM,66476.82
1662,2009,Vietnam,BTN,712358.59
1663,2009,Vietnam,CHN,714875177.3
1664,2009,Vietnam,CYP,37850.15
1665,2009,Vietnam,GEO,293168.0
1666,2009,Vietnam,HKG,23492203.53
1667,2009,Vietnam,IDN,7214379.96
1668,2009,Vietnam,IND,5726597.11
1669,2009,Vietnam,ISR,7838.62
1670,2009,Vietnam,KAZ,1029154.61
1671,2009,Vietnam,KHM,1461675.53
1672,2009,Vietnam,LBN,6816713.48
1673,2009,Vietnam,LKA,384516.48
1674,2009,Vietnam,MAC,1928.0
1675,2009,Vietnam,MYS,181273.05
1676,2009,Vietnam,NPL,3561955.69
1677,2009,Vietnam,PAK,8645578.76
1678,2009,Vietnam,PSE,240324.24
1679,2009,Vietnam,SAU,43033218.28
1680,2009,Vietnam,SGP,741460.75
1681,2009,Vietnam,SYR,1136019.5
1682,2009,Vietnam,THA,12224628.55
1683,2009,Vietnam,TUR,2205166.86
1684,2009,Vietnam,YEM,1885217.51
1685,2009,Vietnam,ALB,202617.56
1686,2009,Vietnam,AUT,480419.51
1687,2009,Vietnam,BGR,8103150.86
1688,2009,Vietnam,BIH,97416.55
1689,2009,Vietnam,BLR,3734458.99
1690,2009,Vietnam,BLX,2533308.82
1691,2009,Vietnam,CHE,883701.0
1692,2009,Vietnam,CZE,7044361.32
1693,2009,Vietnam,DEU,52033434.23
1694,2009,Vietnam,DNK,332570.53
1695,2009,Vietnam,ESP,5259253.08
1696,2009,Vietnam,EST,227807.0
1697,2009,Vietnam,FIN,249158.52
1698,2009,Vietnam,FRA,9537220.41
1699,2009,Vietnam,GBR,1154323.09
1700,2009,Vietnam,GRC,1151413.9
1701,2009,Vietnam,HRV,494883.23
1702,2009,Vietnam,IRL,1136419.81
1703,2009,Vietnam,ITA,786820.51
1704,2009,Vietnam,LTU,8231.44
1705,2009,Vietnam,MDA,554333.22
1706,2009,Vietnam,MKD,715735.99
1707,2009,Vietnam,MNE,165821.0
1708,2009,Vietnam,NLD,20229836.47
1709,2009,Vietnam,POL,34602662.68
1710,2009,Vietnam,PRT,442475.0
1711,2009,Vietnam,ROU,3105.0
1712,2009,Vietnam,RUS,7605684.66
1713,2009,Vietnam,SRB,669929.35
1714,2009,Vietnam,SVK,5948523.09
1715,2009,Vietnam,SVN,1925709.13
1716,2009,Vietnam,SWE,156355.16
1717,2009,Vietnam,UKR,725611.56
1718,2009,Vietnam,ATG,957033.93
1719,2009,Vietnam,BLZ,16229.39
1720,2009,Vietnam,BRB,329640.85
1721,2009,Vietnam,CAN,62916.57
1722,2009,Vietnam,CRI,1214219.31
1723,2009,Vietnam,DMA,11102.22
1724,2009,Vietnam,DOM,17674217.04
1725,2009,Vietnam,GRL,1253.0
1726,2009,Vietnam,GTM,1288054.08
1727,2009,Vietnam,HND,2396346.78
1728,2009,Vietnam,JAM,1898934.49
1729,2009,Vietnam,KNA,336732.72
1730,2009,Vietnam,MEX,10708684.69
1731,2009,Vietnam,NIC,3175496.48
1732,2009,Vietnam,SLV,785966.34
1733,2009,Vietnam,TTO,1814975.89
1734,2009,Vietnam,VCT,73801.43
1735,2009,Vietnam,AUS,3491600.54
1736,2009,Vietnam,FJI,1003665.82
1737,2009,Vietnam,NCL,560506.97
1738,2009,Vietnam,PYF,10269.11
1739,2009,Vietnam,TON,33203.36
1740,2009,Vietnam,VUT,106140.9
1741,2009,Vietnam,WSM,124646.24
1742,2009,Vietnam,BOL,748373.81
1743,2009,Vietnam,BRA,93195453.25
1744,2009,Vietnam,CHL,644283.96
1745,2009,Vietnam,COL,10381071.72
1746,2009,Vietnam,ECU,187892.06
1747,2009,Vietnam,GUY,1132455.98
1748,2009,Vietnam,PER,18156777.83
1749,2009,Vietnam,PRY,21274738.71
1750,2009,Vietnam,SUR,1504884.53
1751,2009,Vietnam,URY,736154.07
1752,2009,Vietnam,VEN,37263503.92
1753,2010,Vietnam,BDI,15069.65
1754,2010,Vietnam,BEN,4060703.11
1755,2010,Vietnam,BFA,116701.08
1756,2010,Vietnam,CAF,50781.02
1757,2010,Vietnam,CIV,1094775.09
1758,2010,Vietnam,CMR,8943.0
1759,2010,Vietnam,COG,232605.48
1760,2010,Vietnam,DZA,8343776.0
1761,2010,Vietnam,EGY,65348427.75
1762,2010,Vietnam,ETH,4106654.81
1763,2010,Vietnam,GHA,253020.75
1764,2010,Vietnam,GMB,189801.09
1765,2010,Vietnam,KEN,189423.88
1766,2010,Vietnam,MDG,67447.42
1767,2010,Vietnam,MLI,258629.2
1768,2010,Vietnam,MOZ,49352.05
1769,2010,Vietnam,MRT,664090.67
1770,2010,Vietnam,MUS,114174.8
1771,2010,Vietnam,MWI,34709.49
1772,2010,Vietnam,NER,8942072.08
1773,2010,Vietnam,SDN,184481.96
1774,2010,Vietnam,SEN,441529.55
1775,2010,Vietnam,TGO,170667.84
1776,2010,Vietnam,TUN,2044669.12
1777,2010,Vietnam,TZA,7400593.08
1778,2010,Vietnam,UGA,766755.0
1779,2010,Vietnam,ZAF,1445092.0
1780,2010,Vietnam,ZMB,560733.69
1781,2010,Vietnam,ZWE,244199.24
1782,2010,Vietnam,ARM,1978.0
1783,2010,Vietnam,BHR,31486.09
1784,2010,Vietnam,CHN,1099892718.0
1785,2010,Vietnam,CYP,113645.05
1786,2010,Vietnam,GEO,85836.0
1787,2010,Vietnam,HKG,2685714.0
1788,2010,Vietnam,IDN,7158927.21
1789,2010,Vietnam,IND,44492203.78
1790,2010,Vietnam,JOR,8605.28
1791,2010,Vietnam,KAZ,546381.79
1792,2010,Vietnam,KHM,1742064.04
1793,2010,Vietnam,LBN,4297142.65
1794,2010,Vietnam,LKA,34978492.62
1795,2010,Vietnam,MAC,2874.0
1796,2010,Vietnam,NPL,1392413.66
1797,2010,Vietnam,PAK,18159089.18
1798,2010,Vietnam,PSE,153895.44
1799,2010,Vietnam,QAT,1878219.75
1800,2010,Vietnam,SAU,24367933.15
1801,2010,Vietnam,SGP,546429.14
1802,2010,Vietnam,SYR,161942.0
1803,2010,Vietnam,THA,18559948.09
1804,2010,Vietnam,TUR,4369741.42
1805,2010,Vietnam,YEM,1071730.67
1806,2010,Vietnam,ALB,533278.3
1807,2010,Vietnam,AUT,539962.91
1808,2010,Vietnam,BGR,61515.5
1809,2010,Vietnam,BIH,245436.18
1810,2010,Vietnam,BLR,7106836.49
1811,2010,Vietnam,BLX,2311268.95
1812,2010,Vietnam,CHE,876938.0
1813,2010,Vietnam,CZE,4063105.47
1814,2010,Vietnam,DEU,33728811.97
1815,2010,Vietnam,DNK,522710.36
1816,2010,Vietnam,ESP,3573236.81
1817,2010,Vietnam,EST,133124.4
1818,2010,Vietnam,FIN,627795.28
1819,2010,Vietnam,FRA,6779568.87
1820,2010,Vietnam,GBR,2433451.76
1821,2010,Vietnam,GRC,1151064.51
1822,2010,Vietnam,HRV,471240.09
1823,2010,Vietnam,HUN,1000.0
1824,2010,Vietnam,IRL,1855799.97
1825,2010,Vietnam,ITA,982456.02
1826,2010,Vietnam,LVA,5647.04
1827,2010,Vietnam,MDA,177805.01
1828,2010,Vietnam,MKD,647916.78
1829,2010,Vietnam,MNE,242028.0
1830,2010,Vietnam,NLD,79536661.26
1831,2010,Vietnam,POL,16443180.6
1832,2010,Vietnam,PRT,125019.0
1833,2010,Vietnam,ROU,262914.31
1834,2010,Vietnam,RUS,15749870.64
1835,2010,Vietnam,SRB,1286266.34
1836,2010,Vietnam,SVK,4002957.2
1837,2010,Vietnam,SVN,2928459.56
1838,2010,Vietnam,SWE,487463.1
1839,2010,Vietnam,UKR,2449715.96
1840,2010,Vietnam,ATG,1281461.78
1841,2010,Vietnam,BMU,17325.95
1842,2010,Vietnam,BRB,301369.21
1843,2010,Vietnam,CAN,81754.35
1844,2010,Vietnam,CRI,1607532.62
1845,2010,Vietnam,DMA,39428.75
1846,2010,Vietnam,DOM,16259736.08
1847,2010,Vietnam,GTM,274248.2
1848,2010,Vietnam,HND,4251766.54
1849,2010,Vietnam,JAM,2053732.76
1850,2010,Vietnam,KNA,13097.95
1851,2010,Vietnam,MEX,22107916.8
1852,2010,Vietnam,NIC,797184.2
1853,2010,Vietnam,SLV,796432.68
1854,2010,Vietnam,TTO,1095124.16
1855,2010,Vietnam,USA,8763.0
1856,2010,Vietnam,VCT,31536.0
1857,2010,Vietnam,AUS,6239390.23
1858,2010,Vietnam,FJI,165429.51
1859,2010,Vietnam,NCL,519453.03
1860,2010,Vietnam,PYF,1316.0
1861,2010,Vietnam,SLB,101309.0
1862,2010,Vietnam,VUT,19739.0
1863,2010,Vietnam,WSM,480925.02
1864,2010,Vietnam,BOL,4897116.11
1865,2010,Vietnam,BRA,116127452.3
1866,2010,Vietnam,CHL,259381.99
1867,2010,Vietnam,COL,11695561.88
1868,2010,Vietnam,ECU,401880.85
1869,2010,Vietnam,GUY,2367616.3
1870,2010,Vietnam,PRY,19750000.79
1871,2010,Vietnam,SUR,7730441.92
1872,2010,Vietnam,URY,750142.56
1873,2010,Vietnam,VEN,42064138.58
1874,2011,Vietnam,BDI,116970.94
1875,2011,Vietnam,BFA,91802.07
1876,2011,Vietnam,CAF,2152.48
1877,2011,Vietnam,CIV,2989865.53
1878,2011,Vietnam,CMR,185039.86
1879,2011,Vietnam,DZA,15341407.0
1880,2011,Vietnam,EGY,23326338.35
1881,2011,Vietnam,ETH,6305531.35
1882,2011,Vietnam,GHA,4763460.08
1883,2011,Vietnam,GMB,91873.68
1884,2011,Vietnam,MDG,379149.1
1885,2011,Vietnam,MLI,290584.06
1886,2011,Vietnam,MOZ,978987.21
1887,2011,Vietnam,MRT,1131337.07
1888,2011,Vietnam,MUS,557880.1
1889,2011,Vietnam,MWI,41420.81
1890,2011,Vietnam,NER,3643454.53
1891,2011,Vietnam,RWA,142247.21
1892,2011,Vietnam,SDN,85952.99
1893,2011,Vietnam,SEN,970636.97
1894,2011,Vietnam,TGO,134622.1
1895,2011,Vietnam,TUN,1158144.46
1896,2011,Vietnam,TZA,4350955.85
1897,2011,Vietnam,UGA,527254.28
1898,2011,Vietnam,ZAF,3574213.0
1899,2011,Vietnam,ZMB,349298.12
1900,2011,Vietnam,ZWE,1451707.45
1901,2011,Vietnam,ARM,9156.0
1902,2011,Vietnam,AZE,26340.49
1903,2011,Vietnam,BHR,234077859.5
1904,2011,Vietnam,CHN,2269788031.0
1905,2011,Vietnam,CYP,36903.13
1906,2011,Vietnam,GEO,5104668.0
1907,2011,Vietnam,HKG,3483032.0
1908,2011,Vietnam,IDN,29780747.3
1909,2011,Vietnam,IND,9354073.88
1910,2011,Vietnam,KHM,26464.89
1911,2011,Vietnam,LBN,3486500.77
1912,2011,Vietnam,LKA,3295653.67
1913,2011,Vietnam,NPL,1072402.92
1914,2011,Vietnam,PAK,24788613.08
1915,2011,Vietnam,PSE,824724.05
1916,2011,Vietnam,SAU,32263753.44
1917,2011,Vietnam,THA,11709172.98
1918,2011,Vietnam,TUR,3396989.96
1919,2011,Vietnam,YEM,648142.98
1920,2011,Vietnam,ALB,271028.26
1921,2011,Vietnam,AUT,448231.82
1922,2011,Vietnam,BGR,271749.25
1923,2011,Vietnam,BIH,152052.48
1924,2011,Vietnam,BLR,2676776.33
1925,2011,Vietnam,BLX,3181415.39
1926,2011,Vietnam,CHE,971402.0
1927,2011,Vietnam,CZE,7294046.41
1928,2011,Vietnam,DEU,49997666.54
1929,2011,Vietnam,DNK,1416682.19
1930,2011,Vietnam,ESP,3670122.72
1931,2011,Vietnam,EST,55175.96
1932,2011,Vietnam,FIN,5222.0
1933,2011,Vietnam,FRA,11500131.25
1934,2011,Vietnam,GBR,5210715.75
1935,2011,Vietnam,GRC,1226165.91
1936,2011,Vietnam,HRV,234087.0
1937,2011,Vietnam,IRL,1444250.95
1938,2011,Vietnam,ITA,595277.22
1939,2011,Vietnam,LTU,6922.0
1940,2011,Vietnam,MDA,72125.43
1941,2011,Vietnam,MKD,319616.98
1942,2011,Vietnam,MNE,155729.3
1943,2011,Vietnam,NLD,89812983.57
1944,2011,Vietnam,POL,10661970.99
1945,2011,Vietnam,PRT,63764.87
1946,2011,Vietnam,ROU,449282.9
1947,2011,Vietnam,RUS,13933284.63
1948,2011,Vietnam,SRB,4582149.5
1949,2011,Vietnam,SVK,3751233.64
1950,2011,Vietnam,SVN,1354699.5
1951,2011,Vietnam,SWE,593316.8
1952,2011,Vietnam,UKR,555257.72
1953,2011,Vietnam,ATG,1492753.91
1954,2011,Vietnam,BHS,103946.0
1955,2011,Vietnam,BLZ,164194.23
1956,2011,Vietnam,BMU,87790.0
1957,2011,Vietnam,BRB,116228.42
1958,2011,Vietnam,CAN,36531.97
1959,2011,Vietnam,CRI,3158159.42
1960,2011,Vietnam,DOM,23082427.13
1961,2011,Vietnam,GRL,1756.0
1962,2011,Vietnam,GTM,443038.0
1963,2011,Vietnam,HND,2798867.18
1964,2011,Vietnam,JAM,2479881.67
1965,2011,Vietnam,KNA,123318.0
1966,2011,Vietnam,MEX,11389001.51
1967,2011,Vietnam,NIC,354238.29
1968,2011,Vietnam,SLV,655494.7
1969,2011,Vietnam,VCT,152208.73
1970,2011,Vietnam,AUS,6901048.37
1971,2011,Vietnam,FJI,139190.51
1972,2011,Vietnam,NCL,486961.41
1973,2011,Vietnam,PNG,3659634.28
1974,2011,Vietnam,PYF,12687.0
1975,2011,Vietnam,SLB,91095.39
1976,2011,Vietnam,TON,52269.0
1977,2011,Vietnam,VUT,2520.0
1978,2011,Vietnam,WSM,250903.71
1979,2011,Vietnam,BOL,2740454.83
1980,2011,Vietnam,BRA,50224882.57
1981,2011,Vietnam,CHL,2804611.35
1982,2011,Vietnam,COL,16110278.72
1983,2011,Vietnam,ECU,2541256.47
1984,2011,Vietnam,GUY,5485789.72
1985,2011,Vietnam,PER,1574570.0
1986,2011,Vietnam,PRY,32218345.84
1987,2011,Vietnam,SUR,9553882.85
1988,2011,Vietnam,URY,519227.18
1989,2011,Vietnam,VEN,16862851.27
1990,2012,Vietnam,BDI,149559.46
1991,2012,Vietnam,BEN,2909099.75
1992,2012,Vietnam,CAF,138258.51
1993,2012,Vietnam,CIV,622778.32
1994,2012,Vietnam,CMR,42524.0
1995,2012,Vietnam,COG,30001.65
1996,2012,Vietnam,CPV,9304.14
1997,2012,Vietnam,DZA,1773193.0
1998,2012,Vietnam,EGY,18450310.78
1999,2012,Vietnam,ETH,14556919.78
2000,2012,Vietnam,GHA,444649.2
2001,2012,Vietnam,GMB,62268.97
2002,2012,Vietnam,MAR,2531709.59
2003,2012,Vietnam,MDG,148070.49
2004,2012,Vietnam,MLI,4873126.84
2005,2012,Vietnam,MOZ,2910731.04
2006,2012,Vietnam,MRT,3256777.9
2007,2012,Vietnam,MUS,57016.08
2008,2012,Vietnam,NER,2264492.68
2009,2012,Vietnam,NGA,34457.76
2010,2012,Vietnam,RWA,861179.63
2011,2012,Vietnam,SEN,317301.88
2012,2012,Vietnam,STP,15180.0
2013,2012,Vietnam,TGO,58740.92
2014,2012,Vietnam,TUN,1729698.9
2015,2012,Vietnam,TZA,1224218.3
2016,2012,Vietnam,UGA,876117.14
2017,2012,Vietnam,ZAF,1921897.0
2018,2012,Vietnam,ZMB,1566186.35
2019,2012,Vietnam,ZWE,1459041.49
2020,2012,Vietnam,ARM,77130.47
2021,2012,Vietnam,AZE,9794.44
2022,2012,Vietnam,BRN,551202.47
2023,2012,Vietnam,CHN,2273733156.0
2024,2012,Vietnam,CYP,13933.44
2025,2012,Vietnam,GEO,8098893.0
2026,2012,Vietnam,HKG,6325090.12
2027,2012,Vietnam,IDN,56794347.31
2028,2012,Vietnam,IND,131783.9
2029,2012,Vietnam,ISR,164000.0
2030,2012,Vietnam,KAZ,240645.23
2031,2012,Vietnam,KGZ,1369.0
2032,2012,Vietnam,LBN,1333759.74
2033,2012,Vietnam,LKA,7455222.38
2034,2012,Vietnam,MAC,47554.0
2035,2012,Vietnam,PAK,40071952.93
2036,2012,Vietnam,PSE,657776.7
2037,2012,Vietnam,SAU,19862247.51
2038,2012,Vietnam,SGP,734293.2
2039,2012,Vietnam,THA,20315904.6
2040,2012,Vietnam,TUR,3295941.65
2041,2012,Vietnam,YEM,540458.46
2042,2012,Vietnam,ALB,106409.13
2043,2012,Vietnam,AUT,840649.51
2044,2012,Vietnam,BGR,9408.0
2045,2012,Vietnam,BIH,374574.33
2046,2012,Vietnam,BLR,681761.21
2047,2012,Vietnam,BLX,382309.01
2048,2012,Vietnam,CHE,967878.0
2049,2012,Vietnam,CZE,2357209.1
2050,2012,Vietnam,DEU,15177674.8
2051,2012,Vietnam,DNK,187193.74
2052,2012,Vietnam,ESP,2330744.75
2053,2012,Vietnam,EST,114504.46
2054,2012,Vietnam,FIN,411647.84
2055,2012,Vietnam,FRA,8093027.92
2056,2012,Vietnam,GBR,4544391.35
2057,2012,Vietnam,GRC,65311.1
2058,2012,Vietnam,HRV,143304.61
2059,2012,Vietnam,IRL,3395008.86
2060,2012,Vietnam,ITA,982649.04
2061,2012,Vietnam,MDA,18473.0
2062,2012,Vietnam,MKD,738702.84
2063,2012,Vietnam,MNE,276514.34
2064,2012,Vietnam,NLD,8546792.31
2065,2012,Vietnam,POL,5853718.06
2066,2012,Vietnam,PRT,2517391.78
2067,2012,Vietnam,RUS,10669652.34
2068,2012,Vietnam,SRB,4237358.32
2069,2012,Vietnam,SVK,6166661.02
2070,2012,Vietnam,SVN,1937576.75
2071,2012,Vietnam,SWE,80033.0
2072,2012,Vietnam,UKR,1557329.26
2073,2012,Vietnam,ATG,2941077.67
2074,2012,Vietnam,BHS,2982151.63
2075,2012,Vietnam,BLZ,116243.63
2076,2012,Vietnam,BRB,617841.5
2077,2012,Vietnam,CAN,14126.23
2078,2012,Vietnam,CRI,5334247.01
2079,2012,Vietnam,DMA,17238.0
2080,2012,Vietnam,GTM,134314.72
2081,2012,Vietnam,HND,3655546.45
2082,2012,Vietnam,JAM,1542123.85
2083,2012,Vietnam,MEX,7386501.44
2084,2012,Vietnam,NIC,242441.83
2085,2012,Vietnam,SLV,651226.03
2086,2012,Vietnam,VCT,37601.44
2087,2012,Vietnam,AUS,7982689.99
2088,2012,Vietnam,FJI,310363.38
2089,2012,Vietnam,NCL,302057.39
2090,2012,Vietnam,PNG,1687895.61
2091,2012,Vietnam,PYF,40221.22
2092,2012,Vietnam,TON,44940.5
2093,2012,Vietnam,WSM,614926.27
2094,2012,Vietnam,BOL,1007972.15
2095,2012,Vietnam,BRA,40725770.13
2096,2012,Vietnam,CHL,1890414.73
2097,2012,Vietnam,COL,7496132.4
2098,2012,Vietnam,ECU,14974833.44
2099,2012,Vietnam,GUY,5509396.54
2100,2012,Vietnam,PER,2369492.51
2101,2012,Vietnam,PRY,23869750.89
2102,2012,Vietnam,URY,945315.99
2103,2012,Vietnam,VEN,39396876.33
2104,2013,Vietnam,BEN,881289.43
2105,2013,Vietnam,BFA,6710408.42
2106,2013,Vietnam,CAF,128616.7
2107,2013,Vietnam,CIV,521915.05
2108,2013,Vietnam,COG,53396.55
2109,2013,Vietnam,DZA,2428043.0
2110,2013,Vietnam,EGY,19600826.26
2111,2013,Vietnam,ETH,10548656.44
2112,2013,Vietnam,GHA,218990.46
2113,2013,Vietnam,GMB,77491.11
2114,2013,Vietnam,MAR,1391710.14
2115,2013,Vietnam,MDG,193890.08
2116,2013,Vietnam,MOZ,8367427.25
2117,2013,Vietnam,MRT,5699436.55
2118,2013,Vietnam,MUS,13621.37
2119,2013,Vietnam,MWI,122594.0
2120,2013,Vietnam,NER,4352261.56
2121,2013,Vietnam,NGA,4470630.26
2122,2013,Vietnam,RWA,977726.74
2123,2013,Vietnam,STP,1138.0
2124,2013,Vietnam,TGO,505885.72
2125,2013,Vietnam,TUN,1257409.3
2126,2013,Vietnam,TZA,2519273.54
2127,2013,Vietnam,UGA,828329.55
2128,2013,Vietnam,ZAF,3046450.0
2129,2013,Vietnam,ZMB,215865.74
2130,2013,Vietnam,ZWE,1170753.67
2131,2013,Vietnam,BRN,278505.04
2132,2013,Vietnam,CHN,2718394688.0
2133,2013,Vietnam,CYP,2162.0
2134,2013,Vietnam,GEO,3518737.0
2135,2013,Vietnam,HKG,741194.0
2136,2013,Vietnam,IDN,12838832.44
2137,2013,Vietnam,IND,31645202.09
2138,2013,Vietnam,KAZ,264006.0
2139,2013,Vietnam,KGZ,32148.22
2140,2013,Vietnam,KHM,137716.88
2141,2013,Vietnam,KWT,83652.27
2142,2013,Vietnam,LBN,469560.25
2143,2013,Vietnam,LKA,5774357.1
2144,2013,Vietnam,MNG,174900.0
2145,2013,Vietnam,MYS,58513.41
2146,2013,Vietnam,PAK,41372233.8
2147,2013,Vietnam,PSE,973044.81
2148,2013,Vietnam,QAT,3203912.51
2149,2013,Vietnam,SAU,8869971.84
2150,2013,Vietnam,SGP,1504415.39
2151,2013,Vietnam,THA,11794539.17
2152,2013,Vietnam,TLS,9717.0
2153,2013,Vietnam,TUR,3277250.77
2154,2013,Vietnam,YEM,398302.0
2155,2013,Vietnam,ALB,48015.0
2156,2013,Vietnam,AUT,499513.41
2157,2013,Vietnam,BGR,44289.0
2158,2013,Vietnam,BIH,356157.28
2159,2013,Vietnam,BLR,1756118.12
2160,2013,Vietnam,BLX,733820.95
2161,2013,Vietnam,CHE,2427904.0
2162,2013,Vietnam,CZE,12194105.38
2163,2013,Vietnam,DEU,13916070.69
2164,2013,Vietnam,DNK,107207.49
2165,2013,Vietnam,ESP,1826816.29
2166,2013,Vietnam,EST,532816.35
2167,2013,Vietnam,FIN,115362.0
2168,2013,Vietnam,FRA,7601013.69
2169,2013,Vietnam,GBR,863930.04
2170,2013,Vietnam,GRC,211939.83
2171,2013,Vietnam,HRV,76055.0
2172,2013,Vietnam,IRL,3539075.17
2173,2013,Vietnam,ITA,1109985.64
2174,2013,Vietnam,MDA,367185.45
2175,2013,Vietnam,MKD,336535.05
2176,2013,Vietnam,MNE,745474.05
2177,2013,Vietnam,NLD,120767460.0
2178,2013,Vietnam,POL,6973030.62
2179,2013,Vietnam,PRT,2986647.9
2180,2013,Vietnam,ROU,4238.0
2181,2013,Vietnam,RUS,9207861.42
2182,2013,Vietnam,SRB,1437039.42
2183,2013,Vietnam,SVK,2302882.8
2184,2013,Vietnam,SVN,1648521.75
2185,2013,Vietnam,SWE,17002.96
2186,2013,Vietnam,UKR,1322183.77
2187,2013,Vietnam,ATG,1086973.36
2188,2013,Vietnam,BHS,1242811.0
2189,2013,Vietnam,BLZ,4198.93
2190,2013,Vietnam,BRB,203702.85
2191,2013,Vietnam,CAN,32158.4
2192,2013,Vietnam,CRI,3313040.38
2193,2013,Vietnam,GTM,71192.0
2194,2013,Vietnam,JAM,6529385.64
2195,2013,Vietnam,MEX,12985962.15
2196,2013,Vietnam,NIC,1180141.25
2197,2013,Vietnam,SLV,673503.95
2198,2013,Vietnam,AUS,24173.0
2199,2013,Vietnam,FJI,391236.7
2200,2013,Vietnam,PYF,66414.44
2201,2013,Vietnam,SLB,189782.61
2202,2013,Vietnam,WSM,735055.66
2203,2013,Vietnam,BOL,383167.17
2204,2013,Vietnam,BRA,68179935.67
2205,2013,Vietnam,CHL,5370830.03
2206,2013,Vietnam,COL,4680376.83
2207,2013,Vietnam,GUY,14218545.43
2208,2013,Vietnam,PER,538082.32
2209,2013,Vietnam,PRY,11228128.56
2210,2013,Vietnam,URY,539829.72
2211,2013,Vietnam,VEN,28506690.19
2212,2014,Vietnam,BDI,243785.0
2213,2014,Vietnam,BEN,4699032.23
2214,2014,Vietnam,BFA,22089.0
2215,2014,Vietnam,CAF,4159.0
2216,2014,Vietnam,CIV,502349.93
2217,2014,Vietnam,CMR,169920.48
2218,2014,Vietnam,COG,33438.35
2219,2014,Vietnam,DZA,2675094.0
2220,2014,Vietnam,EGY,15473700.74
2221,2014,Vietnam,ETH,5294167.07
2222,2014,Vietnam,GIN,524958.27
2223,2014,Vietnam,GMB,181559.0
2224,2014,Vietnam,MAR,1355131.36
2225,2014,Vietnam,MDG,576943.97
2226,2014,Vietnam,MOZ,13850848.63
2227,2014,Vietnam,MRT,1540202.0
2228,2014,Vietnam,MUS,12283.26
2229,2014,Vietnam,MWI,30678.0
2230,2014,Vietnam,NER,1178107.26
2231,2014,Vietnam,NGA,20173303.97
2232,2014,Vietnam,RWA,409321.22
2233,2014,Vietnam,SEN,141981.81
2234,2014,Vietnam,TZA,4418635.79
2235,2014,Vietnam,UGA,8942293.9
2236,2014,Vietnam,ZAF,2323647.64
2237,2014,Vietnam,ZMB,1170627.01
2238,2014,Vietnam,ZWE,736092.85
2239,2014,Vietnam,ARM,4896.0
2240,2014,Vietnam,BRN,293219.2
2241,2014,Vietnam,CHN,2673747155.0
2242,2014,Vietnam,CYP,27463.0
2243,2014,Vietnam,GEO,3559616.0
2244,2014,Vietnam,HKG,6517176.69
2245,2014,Vietnam,IDN,1500444.47
2246,2014,Vietnam,IND,71636862.13
2247,2014,Vietnam,KAZ,5511756.24
2248,2014,Vietnam,KWT,55930.0
2249,2014,Vietnam,LBN,678098.07
2250,2014,Vietnam,LKA,10439739.55
2251,2014,Vietnam,MAC,2501.0
2252,2014,Vietnam,MNG,603314.0
2253,2014,Vietnam,MYS,135980.0
2254,2014,Vietnam,PAK,40458186.48
2255,2014,Vietnam,PHL,4503.0
2256,2014,Vietnam,PSE,131645.58
2257,2014,Vietnam,QAT,1697924.33
2258,2014,Vietnam,SGP,113565.37
2259,2014,Vietnam,THA,18016316.72
2260,2014,Vietnam,TUR,1062972.72
2261,2014,Vietnam,YEM,803498.42
2262,2014,Vietnam,ALB,10327.0
2263,2014,Vietnam,AND,1959.0
2264,2014,Vietnam,AUT,160454.06
2265,2014,Vietnam,BGR,27666.0
2266,2014,Vietnam,BIH,287353.9
2267,2014,Vietnam,BLR,332200.0
2268,2014,Vietnam,BLX,778794.92
2269,2014,Vietnam,CHE,3282281.23
2270,2014,Vietnam,CZE,6267035.41
2271,2014,Vietnam,DEU,11909202.92
2272,2014,Vietnam,DNK,6290.0
2273,2014,Vietnam,ESP,1779586.72
2274,2014,Vietnam,EST,264123.95
2275,2014,Vietnam,FIN,155505.0
2276,2014,Vietnam,FRA,7523824.08
2277,2014,Vietnam,GBR,662227.15
2278,2014,Vietnam,GRC,28030.0
2279,2014,Vietnam,IRL,4516566.32
2280,2014,Vietnam,ITA,567240.0
2281,2014,Vietnam,MDA,122686.32
2282,2014,Vietnam,MKD,326830.95
2283,2014,Vietnam,MNE,118201.67
2284,2014,Vietnam,NLD,2071864.94
2285,2014,Vietnam,POL,5384367.37
2286,2014,Vietnam,ROU,3567.0
2287,2014,Vietnam,RUS,9986141.11
2288,2014,Vietnam,SRB,1459552.57
2289,2014,Vietnam,SVK,3499667.37
2290,2014,Vietnam,SVN,1161821.96
2291,2014,Vietnam,SWE,3506.0
2292,2014,Vietnam,UKR,318947.27
2293,2014,Vietnam,ATG,2400627.95
2294,2014,Vietnam,BHS,1763727.82
2295,2014,Vietnam,BLZ,212798.0
2296,2014,Vietnam,BMU,73269.66
2297,2014,Vietnam,BRB,195584.0
2298,2014,Vietnam,CAN,13779.49
2299,2014,Vietnam,GRL,55521.0
2300,2014,Vietnam,GTM,1838982.3
2301,2014,Vietnam,HND,4621294.01
2302,2014,Vietnam,JAM,9552323.49
2303,2014,Vietnam,LCA,2540.0
2304,2014,Vietnam,MEX,6822800.15
2305,2014,Vietnam,NIC,11718728.17
2306,2014,Vietnam,SLV,747232.3
2307,2014,Vietnam,FJI,795745.7
2308,2014,Vietnam,NCL,358523.84
2309,2014,Vietnam,PYF,183216.0
2310,2014,Vietnam,TON,60324.58
2311,2014,Vietnam,WSM,1249739.58
2312,2014,Vietnam,BOL,354906.69
2313,2014,Vietnam,BRA,19882986.26
2314,2014,Vietnam,CHL,4281388.95
2315,2014,Vietnam,COL,5814903.63
2316,2014,Vietnam,GUY,11643706.72
2317,2014,Vietnam,PER,527659.55
2318,2014,Vietnam,PRY,14378706.31
2319,2014,Vietnam,SUR,9059060.33
2320,2014,Vietnam,URY,229136.64
2321,2015,Vietnam,AGO,5580441.52
2322,2015,Vietnam,BDI,3210.0
2323,2015,Vietnam,BEN,10440997.54
2324,2015,Vietnam,BFA,32791483.14
2325,2015,Vietnam,CAF,71735.0
2326,2015,Vietnam,CIV,399185.51
2327,2015,Vietnam,CMR,206795.91
2328,2015,Vietnam,CPV,13000.0
2329,2015,Vietnam,DZA,2204895.0
2330,2015,Vietnam,EGY,5756855.84
2331,2015,Vietnam,ETH,5647398.31
2332,2015,Vietnam,GIN,218701.5
2333,2015,Vietnam,MAR,640294.16
2334,2015,Vietnam,MDG,16113.96
2335,2015,Vietnam,MOZ,10457349.09
2336,2015,Vietnam,MUS,16833.81
2337,2015,Vietnam,MWI,4851.0
2338,2015,Vietnam,NER,379442.87
2339,2015,Vietnam,RWA,1702696.21
2340,2015,Vietnam,SDN,61270.4
2341,2015,Vietnam,SEN,286469.94
2342,2015,Vietnam,SLE,490486.58
2343,2015,Vietnam,SYC,2138589.86
2344,2015,Vietnam,TGO,1117365.86
2345,2015,Vietnam,TUN,911692.06
2346,2015,Vietnam,TZA,2185818.03
2347,2015,Vietnam,UGA,1066290.98
2348,2015,Vietnam,ZAF,997085.56
2349,2015,Vietnam,ZMB,13772943.75
2350,2015,Vietnam,ZWE,490451.17
2351,2015,Vietnam,ARM,39104.46
2352,2015,Vietnam,BHR,292616.82
2353,2015,Vietnam,BRN,719933.05
2354,2015,Vietnam,CHN,2338271127.0
2355,2015,Vietnam,CYP,56114.74
2356,2015,Vietnam,HKG,13088745.56
2357,2015,Vietnam,IND,97796047.12
2358,2015,Vietnam,KAZ,458555.87
2359,2015,Vietnam,KGZ,3773.0
2360,2015,Vietnam,KHM,968948.58
2361,2015,Vietnam,KWT,51963.71
2362,2015,Vietnam,LKA,8557356.62
2363,2015,Vietnam,MNG,822812.0
2364,2015,Vietnam,MYS,979241.04
2365,2015,Vietnam,PAK,43066340.19
2366,2015,Vietnam,PHL,10358152.94
2367,2015,Vietnam,PSE,27776.0
2368,2015,Vietnam,QAT,737331.48
2369,2015,Vietnam,SAU,25320391.05
2370,2015,Vietnam,SGP,1319287.53
2371,2015,Vietnam,THA,6873845.52
2372,2015,Vietnam,TUR,13613789.9
2373,2015,Vietnam,XXB,26735941.32
2374,2015,Vietnam,YEM,212273.04
2375,2015,Vietnam,ALB,14512.0
2376,2015,Vietnam,AUT,878933.99
2377,2015,Vietnam,BIH,266495.0
2378,2015,Vietnam,BLR,119810.9
2379,2015,Vietnam,BLX,944698.14
2380,2015,Vietnam,CZE,226274.0
2381,2015,Vietnam,DEU,3399341.08
2382,2015,Vietnam,DNK,2642.0
2383,2015,Vietnam,ESP,1586417.49
2384,2015,Vietnam,EST,505018.38
2385,2015,Vietnam,FIN,239657.0
2386,2015,Vietnam,FRA,8901540.25
2387,2015,Vietnam,GBR,415602.72
2388,2015,Vietnam,HUN,467576.0
2389,2015,Vietnam,IRL,769203.14
2390,2015,Vietnam,ITA,394346.0
2391,2015,Vietnam,MDA,189991.2
2392,2015,Vietnam,MKD,404346.69
2393,2015,Vietnam,MNE,264544.0
2394,2015,Vietnam,NLD,418197.0
2395,2015,Vietnam,POL,7286986.93
2396,2015,Vietnam,RUS,5578760.6
2397,2015,Vietnam,SRB,1191261.86
2398,2015,Vietnam,SVK,1869234.06
2399,2015,Vietnam,SVN,885229.82
2400,2015,Vietnam,SWE,438123.0
2401,2015,Vietnam,UKR,2013046.95
2402,2015,Vietnam,ATG,2798361.94
2403,2015,Vietnam,BHS,124003.48
2404,2015,Vietnam,BLZ,1688.0
2405,2015,Vietnam,BMU,419860.0
2406,2015,Vietnam,BRB,28071.43
2407,2015,Vietnam,CAN,100265.2
2408,2015,Vietnam,CRI,2264450.33
2409,2015,Vietnam,GRL,8568.59
2410,2015,Vietnam,GTM,414601.88
2411,2015,Vietnam,MEX,13809874.55
2412,2015,Vietnam,NIC,335360.97
2413,2015,Vietnam,SLV,1084045.42
2414,2015,Vietnam,VCT,115452.17
2415,2015,Vietnam,FJI,8853237.84
2416,2015,Vietnam,NCL,200326.2
2417,2015,Vietnam,PLW,2336.0
2418,2015,Vietnam,PYF,87444.21
2419,2015,Vietnam,SLB,59750.06
2420,2015,Vietnam,WSM,774204.11
2421,2015,Vietnam,BOL,757078.12
2422,2015,Vietnam,BRA,15427466.46
2423,2015,Vietnam,CHL,22898770.81
2424,2015,Vietnam,COL,3146065.61
2425,2015,Vietnam,ECU,4412351.39
2426,2015,Vietnam,GUY,7137466.15
2427,2015,Vietnam,PER,280650.31
2428,2015,Vietnam,PRY,16496727.35
2429,2015,Vietnam,URY,206349.39
